Rank,Name,Count
1.0,JACK ,9100.0
2.0,JOSHUA ,8170.0
3.0,THOMAS ,7438.0
4.0,JAMES ,6377.0
5.0,DANIEL ,5565.0
6.0,BENJAMIN ,5095.0
7.0,SAMUEL ,5067.0
8.0,JOSEPH ,5051.0
9.0,WILLIAM ,5037.0
10.0,OLIVER ,4794.0
11.0,HARRY ,4551.0
12.0,MATTHEW ,4367.0
13.0,LUKE ,4342.0
14.0,LEWIS ,4273.0
15.0,GEORGE ,3677.0
16.0,CALLUM ,3640.0
17.0,ADAM ,3527.0
18.0,ETHAN ,3523.0
19.0,ALEXANDER ,3423.0
20.0,RYAN ,3344.0
21.0,BEN ,3190.0
22.0,MOHAMMED ,3098.0
23.0,LIAM ,2927.0
24.0,NATHAN ,2793.0
25.0,JAKE ,2778.0
26.0,CONNOR ,2775.0
27.0,CAMERON ,2756.0
28.0,DYLAN ,2599.0
29.0,CHARLIE ,2585.0
30.0,JACOB ,2537.0
31.0,OWEN ,2349.0
32.0,JAMIE ,2240.0
33.0,MAX ,2050.0
34.0,KIERAN ,1979.0
35.0,MICHAEL ,1955.0
36.0,AARON ,1902.0
37.0,BRANDON ,1848.0
38.0,TYLER ,1790.0
39.0,BRADLEY ,1772.0
40.0,KYLE ,1767.0
41.0,LOUIS ,1721.0
42.0,ALEX ,1707.0
43.0,JORDAN ,1634.0
44.0,REECE ,1607.0
45.0,HARVEY ,1468.0
46.0,EDWARD ,1376.0
47.0,DAVID ,1320.0
48.0,CHARLES ,1309.0
49.0,ALFIE ,1306.0
50.0,ROBERT ,1244.0
51.0,HENRY ,1242.0
52.0,HARRISON ,1222.0
53.0,RHYS ,1202.0
54.0,JOE ,1187.0
55.0,ARCHIE ,1165.0
56.0,CHRISTOPHER ,1110.0
57.0,SAM ,1069.0
58.0,TOBY ,1047.0
59.0,KAI ,1037.0
60.0,MORGAN ,1001.0
61.0,MUHAMMAD ,979.0
62.0,JAY ,971.0
63.0,ISAAC ,931.0
64.0,JOHN ,916.0
65.0,MOHAMMAD ,900.0
66.0,ANDREW ,898.0
67.0,AIDAN ,891.0
68.0,KIAN ,876.0
69.0,JOEL ,858.0
70.0,OSCAR ,836.0
70.0,TAYLOR ,836.0
72.0,LUCAS ,796.0
73.0,LEON ,790.0
74.0,SEAN ,784.0
75.0,DOMINIC ,782.0
76.0,ELLIOT ,775.0
77.0,FINLAY ,744.0
78.0,BAILEY ,734.0
78.0,SCOTT ,734.0
80.0,JONATHAN ,725.0
81.0,BILLY ,709.0
82.0,PATRICK ,693.0
83.0,ELLIS ,661.0
84.0,JOSH ,657.0
85.0,MASON ,654.0
86.0,EWAN ,651.0
87.0,NICHOLAS ,627.0
88.0,LEO ,601.0
89.0,DECLAN ,594.0
90.0,TOM ,581.0
91.0,FINLEY ,550.0
92.0,MARCUS ,546.0
93.0,ANTHONY ,542.0
94.0,JASON ,540.0
95.0,ASHLEY ,529.0
96.0,SEBASTIAN ,527.0
97.0,PETER ,504.0
98.0,ZACHARY ,502.0
99.0,GABRIEL ,491.0
100.0,KIERON ,488.0
101.0,MARK ,479.0
102.0,MITCHELL ,477.0
103.0,LOGAN ,476.0
104.0,LUCA ,473.0
105.0,COREY ,465.0
106.0,FREDERICK ,452.0
106.0,JUDE ,452.0
108.0,ZAK ,445.0
109.0,HAYDEN ,435.0
110.0,JAYDEN ,434.0
111.0,ROSS ,423.0
112.0,STEPHEN ,422.0
113.0,LEE ,420.0
114.0,CHRISTIAN ,419.0
115.0,ELLIOTT ,416.0
116.0,LOUIE ,415.0
117.0,AIDEN ,405.0
118.0,NOAH ,404.0
119.0,CONOR ,396.0
120.0,NATHANIEL ,394.0
121.0,PAUL ,385.0
122.0,RILEY ,378.0
123.0,ALI ,377.0
124.0,FINN ,376.0
125.0,TOMMY ,373.0
126.0,KANE ,365.0
127.0,TOBIAS ,346.0
128.0,NIALL ,344.0
129.0,EVAN ,341.0
130.0,HAMZA ,336.0
131.0,EUAN ,335.0
132.0,MUHAMMED ,328.0
133.0,STEVEN ,327.0
134.0,DANNY ,325.0
135.0,SHANE ,319.0
135.0,SHAUN ,319.0
137.0,THEO ,317.0
138.0,RORY ,311.0
139.0,MOHAMED ,306.0
140.0,CIARAN ,301.0
140.0,RICHARD ,301.0
142.0,ALFRED ,298.0
142.0,MILES ,298.0
144.0,CURTIS ,293.0
145.0,HARLEY ,284.0
146.0,FELIX ,283.0
147.0,ZAIN ,280.0
148.0,IBRAHIM ,277.0
148.0,LEVI ,277.0
150.0,TRAVIS ,276.0
151.0,SYED ,267.0
152.0,FREDDIE ,265.0
153.0,ABDUL ,260.0
154.0,REUBEN ,259.0
155.0,CALUM ,254.0
156.0,SONNY ,252.0
157.0,ROBBIE ,251.0
158.0,CRAIG ,250.0
159.0,SPENCER ,248.0
160.0,AHMED ,247.0
161.0,TRISTAN ,246.0
162.0,TIMOTHY ,244.0
163.0,DEAN ,241.0
163.0,THEODORE ,241.0
165.0,JADEN ,240.0
166.0,ANGUS ,238.0
167.0,HASSAN ,232.0
168.0,MAXWELL ,231.0
169.0,ROHAN ,229.0
170.0,AMAAN ,225.0
171.0,DILLON ,224.0
172.0,COLE ,218.0
173.0,CALEB ,216.0
174.0,BLAKE ,215.0
174.0,MAXIMILIAN ,215.0
176.0,DREW ,214.0
177.0,HUGO ,205.0
177.0,ROWAN ,205.0
179.0,RIO ,203.0
180.0,MYLES ,200.0
180.0,SIMON ,200.0
182.0,OMAR ,194.0
183.0,KYE ,193.0
184.0,KEVIN ,192.0
185.0,ABDULLAH ,191.0
185.0,ARTHUR ,191.0
185.0,ZACK ,191.0
188.0,YUSUF ,184.0
189.0,FRASER ,182.0
189.0,MACKENZIE ,182.0
189.0,PHILIP ,182.0
189.0,SHAY ,182.0
193.0,HASAN ,177.0
194.0,STANLEY ,176.0
195.0,MATHEW ,175.0
196.0,CIAN ,174.0
196.0,GUY ,174.0
198.0,BENEDICT ,173.0
198.0,BRENDAN ,173.0
200.0,REGAN ,171.0
201.0,JUSTIN ,169.0
202.0,HAMZAH ,167.0
203.0,CODY ,166.0
203.0,LLOYD ,166.0
203.0,UMAR ,166.0
206.0,MARTIN ,165.0
207.0,EMMANUEL ,163.0
208.0,BILAL ,161.0
208.0,LUIS ,161.0
210.0,ELIJAH ,160.0
210.0,FRANKIE ,160.0
212.0,FRANCIS ,159.0
212.0,JAK ,159.0
214.0,TOMAS ,158.0
215.0,BYRON ,157.0
216.0,TODD ,146.0
217.0,CASEY ,145.0
217.0,JARED ,145.0
217.0,MARSHALL ,145.0
220.0,HAYDN ,143.0
221.0,CARL ,142.0
221.0,DARREN ,142.0
223.0,JACKSON ,141.0
224.0,JASPER ,140.0
225.0,CORY ,139.0
226.0,ZAC ,138.0
227.0,CONNER ,135.0
227.0,KORBEN ,135.0
227.0,WILL ,135.0
230.0,RONNIE ,130.0
230.0,WESLEY ,130.0
232.0,RUBEN ,128.0
233.0,LEIGHTON ,127.0
233.0,MARC ,127.0
235.0,JONAH ,126.0
235.0,TOMOS ,126.0
237.0,GARETH ,125.0
237.0,ISMAIL ,125.0
239.0,ALAN ,124.0
239.0,GREGORY ,124.0
239.0,IEUAN ,124.0
242.0,MUSTAFA ,121.0
243.0,OWAIN ,120.0
243.0,TROY ,120.0
245.0,AUSTIN ,119.0
245.0,CAIN ,119.0
247.0,ALISTAIR ,118.0
247.0,IAN ,118.0
247.0,JAI ,118.0
247.0,SETH ,118.0
251.0,ANDRE ,117.0
251.0,JORDON ,117.0
253.0,ARRON ,115.0
254.0,KALLUM ,114.0
255.0,KEIRAN ,113.0
255.0,MALACHI ,113.0
257.0,XAVIER ,112.0
258.0,IWAN ,111.0
258.0,JAMAL ,111.0
258.0,STEFAN ,111.0
261.0,HAMISH ,110.0
262.0,KRISTIAN ,108.0
262.0,LAURENCE ,108.0
264.0,FLYNN ,107.0
264.0,ROBIN ,107.0
264.0,STUART ,107.0
267.0,BARNABY ,106.0
267.0,CARTER ,106.0
269.0,HUGH ,104.0
269.0,SOLOMON ,104.0
271.0,ZACHARIAH ,103.0
272.0,CAI ,102.0
272.0,JAC ,102.0
272.0,LAWRENCE ,102.0
275.0,ALBERT ,101.0
275.0,ARRAN ,101.0
275.0,JESSE ,101.0
278.0,ADIL ,100.0
278.0,ARJUN ,100.0
278.0,IESTYN ,100.0
278.0,LENNON ,100.0
278.0,TYRESE ,100.0
283.0,AMAN ,98.0
283.0,BROOKLYN ,98.0
283.0,DANYAL ,98.0
283.0,KARL ,98.0
287.0,AJAY ,97.0
287.0,BRETT ,97.0
287.0,DAFYDD ,97.0
287.0,FRANK ,97.0
291.0,AHMAD ,96.0
291.0,AMIR ,96.0
291.0,KEELAN ,96.0
294.0,BOBBY ,94.0
294.0,JED ,94.0
296.0,JENSON ,93.0
296.0,KURT ,93.0
298.0,ANTON ,92.0
298.0,HAROON ,92.0
298.0,JAKOB ,92.0
301.0,ERIC ,91.0
301.0,TEDDY ,91.0
303.0,DAMIAN ,90.0
304.0,ADRIAN ,89.0
304.0,BRIAN ,89.0
304.0,JUNAID ,89.0
304.0,USMAN ,89.0
304.0,VINCENT ,89.0
309.0,FERGUS ,88.0
310.0,ANTONY ,86.0
310.0,HAIDER ,86.0
310.0,IOAN ,86.0
310.0,KYRAN ,86.0
314.0,MAXIMILLIAN ,85.0
314.0,SAIF ,85.0
314.0,TONY ,85.0
317.0,HARRIS ,84.0
317.0,KAMRAN ,84.0
319.0,LUKAS ,83.0
319.0,VICTOR ,83.0
321.0,ARON ,82.0
321.0,KIRAN ,82.0
321.0,KURTIS ,82.0
321.0,SAUL ,82.0
325.0,ALEC ,81.0
325.0,DEVON ,81.0
325.0,DOUGLAS ,81.0
325.0,MARLEY ,81.0
325.0,SAMEER ,81.0
330.0,JIMMY ,80.0
330.0,WARREN ,80.0
332.0,ANTONIO ,79.0
332.0,RAHUL ,79.0
334.0,AADAM ,77.0
334.0,HARIS ,77.0
334.0,MAXIMUS ,77.0
337.0,ADNAN ,76.0
338.0,ALASTAIR ,75.0
338.0,AWAIS ,75.0
338.0,DION ,75.0
338.0,JON ,75.0
338.0,MARCO ,75.0
343.0,GAVIN ,74.0
343.0,JAIDEN ,74.0
343.0,RONAN ,74.0
343.0,SAMI ,74.0
347.0,ARUN ,73.0
347.0,JULIAN ,73.0
347.0,TYRONE ,73.0
350.0,CHAD ,72.0
350.0,LUC ,72.0
350.0,RAPHAEL ,72.0
353.0,SHEA ,71.0
353.0,SION ,71.0
353.0,ZACH ,71.0
353.0,ZAKARIYA ,71.0
357.0,JEREMY ,70.0
357.0,JONATHON ,70.0
359.0,ARYAN ,69.0
359.0,DANTE ,69.0
361.0,MILO ,68.0
361.0,SAMIR ,68.0
363.0,BRYN ,67.0
363.0,DAMIEN ,67.0
363.0,JOSEF ,67.0
366.0,BRODIE ,66.0
366.0,KAINE ,66.0
366.0,KEATON ,66.0
366.0,KHALID ,66.0
366.0,SIDNEY ,66.0
371.0,CALVIN ,65.0
371.0,LACHLAN ,65.0
373.0,BRAD ,64.0
373.0,CORBEN ,64.0
373.0,ELIAS ,64.0
373.0,IMRAN ,64.0
373.0,JAYDON ,64.0
373.0,KIEREN ,64.0
379.0,HUSSAIN ,63.0
379.0,KEEGAN ,63.0
379.0,OLLIE ,63.0
382.0,ASTON ,62.0
382.0,HASHIM ,62.0
382.0,MACAULEY ,62.0
382.0,NICOLAS ,62.0
382.0,SOL ,62.0
382.0,STEFFAN ,62.0
382.0,TED ,62.0
389.0,ASHTON ,61.0
389.0,CLAYTON ,61.0
389.0,FARHAN ,61.0
392.0,DUNCAN ,60.0
392.0,GARY ,60.0
394.0,HARRI ,59.0
394.0,PHILLIP ,59.0
394.0,SAHIL ,59.0
397.0,DEXTER ,58.0
397.0,EDEN ,58.0
397.0,QASIM ,58.0
400.0,IVAN ,57.0
400.0,KAIN ,57.0
400.0,LAYTON ,57.0
403.0,BAYLEY ,56.0
403.0,BEAU ,56.0
403.0,HUW ,56.0
403.0,NEO ,56.0
403.0,RAJA ,56.0
403.0,REISS ,56.0
403.0,RIAN ,56.0
403.0,TYREECE ,56.0
411.0,CHARLEY ,55.0
411.0,FLETCHER ,55.0
411.0,HECTOR ,55.0
411.0,KENNETH ,55.0
411.0,RAHEEM ,55.0
411.0,ROMAN ,55.0
417.0,ABBAS ,54.0
417.0,ABU ,54.0
417.0,ALED ,54.0
417.0,COLBY ,54.0
417.0,CORMAC ,54.0
417.0,OSIAN ,54.0
417.0,TARAN ,54.0
417.0,TARIQ ,54.0
417.0,UMAIR ,54.0
426.0,AMAR ,53.0
426.0,FRAZER ,53.0
426.0,HASNAIN ,53.0
426.0,JOSIAH ,53.0
426.0,ZANE ,53.0
431.0,EDDIE ,52.0
431.0,JEROME ,52.0
431.0,LEONARD ,52.0
431.0,MCKENZIE ,52.0
431.0,ZAKARIA ,52.0
436.0,DANE ,51.0
436.0,FABIAN ,51.0
436.0,ISA ,51.0
436.0,JEREMIAH ,51.0
436.0,NIKHIL ,51.0
436.0,SACHIN ,51.0
436.0,YAHYA ,51.0
443.0,DALE ,50.0
443.0,KEENAN ,50.0
443.0,KEIRON ,50.0
443.0,KIT ,50.0
443.0,RAYMOND ,50.0
443.0,SULAIMAN ,50.0
449.0,ASHER ,49.0
449.0,AYMAN ,49.0
449.0,BARNEY ,49.0
449.0,EOIN ,49.0
449.0,HAARIS ,49.0
449.0,JOHNNY ,49.0
449.0,KAMERON ,49.0
449.0,LEONARDO ,49.0
449.0,RICKY ,49.0
458.0,ARCHIBALD ,48.0
458.0,BRENDON ,48.0
458.0,KADE ,48.0
458.0,KYRON ,48.0
458.0,SHOAIB ,48.0
463.0,ABRAHAM ,47.0
463.0,DALTON ,47.0
463.0,KIRK ,47.0
463.0,PIERS ,47.0
463.0,ZEESHAN ,47.0
468.0,ALESSANDRO ,46.0
468.0,ANAS ,46.0
468.0,CARLOS ,46.0
468.0,COBY ,46.0
468.0,COLIN ,46.0
468.0,HASEEB ,46.0
468.0,JERMAINE ,46.0
468.0,NATHANAEL ,46.0
468.0,NEIL ,46.0
468.0,RISHI ,46.0
468.0,RUFUS ,46.0
468.0,SHAH ,46.0
468.0,UZAIR ,46.0
481.0,ASAD ,45.0
481.0,BRODY ,45.0
481.0,DANYAAL ,45.0
481.0,GETHIN ,45.0
481.0,JACQUES ,45.0
481.0,JAGO ,45.0
481.0,KADEN ,45.0
481.0,LORCAN ,45.0
481.0,MATTEO ,45.0
481.0,NICO ,45.0
481.0,OAKLEY ,45.0
481.0,ROCCO ,45.0
493.0,FAISAL ,44.0
493.0,JENSEN ,44.0
493.0,LUKA ,44.0
493.0,MALIK ,44.0
493.0,RALPH ,44.0
493.0,ROSHAN ,44.0
493.0,TY ,44.0
493.0,TYRELL ,44.0
493.0,YASIN ,44.0
502.0,BLAINE ,43.0
502.0,CAINE ,43.0
502.0,CAMRON ,43.0
502.0,DENNIS ,43.0
502.0,MILAN ,43.0
502.0,OSKAR ,43.0
502.0,RAYYAN ,43.0
509.0,ADEEL ,42.0
509.0,CHE ,42.0
509.0,KEIR ,42.0
509.0,LEYTON ,42.0
509.0,SALMAN ,42.0
509.0,SIMEON ,42.0
509.0,YASH ,42.0
516.0,BRANDAN ,41.0
516.0,CONRAD ,41.0
516.0,EDMUND ,41.0
516.0,EMILE ,41.0
516.0,GEORGIE ,41.0
516.0,IBRAHEEM ,41.0
516.0,KELVIN ,41.0
516.0,RYLEY ,41.0
524.0,ANDREAS ,40.0
524.0,CAVAN ,40.0
524.0,DAN ,40.0
524.0,DARNELL ,40.0
524.0,ELIS ,40.0
524.0,FARIS ,40.0
524.0,KARIM ,40.0
524.0,MOHSIN ,40.0
524.0,RICARDO ,40.0
524.0,XANDER ,40.0
534.0,DAMON ,39.0
534.0,ELI ,39.0
534.0,ELIOT ,39.0
534.0,KARAN ,39.0
534.0,LORENZO ,39.0
534.0,MUSA ,39.0
534.0,PIERCE ,39.0
534.0,SEAMUS ,39.0
534.0,SHAWN ,39.0
534.0,SUFYAAN ,39.0
534.0,TAI ,39.0
534.0,TERRY ,39.0
546.0,ABDULLAHI ,38.0
546.0,ALASDAIR ,38.0
546.0,ARMAAN ,38.0
546.0,BROGAN ,38.0
546.0,CADEN ,38.0
546.0,CALLAN ,38.0
546.0,DARCY ,38.0
546.0,FRED ,38.0
546.0,ILYAS ,38.0
546.0,JAHEIM ,38.0
546.0,MEHMET ,38.0
546.0,RAJAN ,38.0
546.0,ZAYN ,38.0
559.0,ABDIRAHMAN ,37.0
559.0,BRENNAN ,37.0
559.0,BRYAN ,37.0
559.0,DAANYAAL ,37.0
559.0,HAYDON ,37.0
559.0,HUMZA ,37.0
559.0,NABEEL ,37.0
559.0,PERRY ,37.0
559.0,ZAID ,37.0
568.0,ANISH ,36.0
568.0,CADE ,36.0
568.0,GRANT ,36.0
568.0,HUSNAIN ,36.0
568.0,KALEB ,36.0
568.0,MAXIM ,36.0
568.0,RUSSELL ,36.0
568.0,UWAIS ,36.0
568.0,WAYNE ,36.0
577.0,DEACON ,35.0
577.0,DILLAN ,35.0
577.0,JEEVAN ,35.0
577.0,PHOENIX ,35.0
577.0,RHODRI ,35.0
577.0,SHAAN ,35.0
577.0,SOHAIL ,35.0
577.0,TREY ,35.0
577.0,ZAYD ,35.0
586.0,AADIL ,34.0
586.0,AMIN ,34.0
586.0,BRADEN ,34.0
586.0,BRUNO ,34.0
586.0,FAHAD ,34.0
586.0,FAIZAAN ,34.0
586.0,IZAAK ,34.0
586.0,KOFI ,34.0
586.0,MATT ,34.0
586.0,QUINN ,34.0
586.0,RAFAEL ,34.0
586.0,REAGAN ,34.0
586.0,RUPERT ,34.0
586.0,SACHA ,34.0
600.0,ANGELO ,33.0
600.0,GERARD ,33.0
600.0,HARI ,33.0
600.0,JOEY ,33.0
600.0,JORGE ,33.0
600.0,LAURIE ,33.0
600.0,MICAH ,33.0
600.0,SAMMY ,33.0
600.0,SHIVAM ,33.0
600.0,TERENCE ,33.0
600.0,ZOHAIB ,33.0
611.0,ADEN ,32.0
611.0,ANDY ,32.0
611.0,ARJAN ,32.0
611.0,ASIM ,32.0
611.0,DENZEL ,32.0
611.0,DEWI ,32.0
611.0,EHSAN ,32.0
611.0,FAHEEM ,32.0
611.0,GIOVANNI ,32.0
611.0,HAMMAD ,32.0
611.0,KENAN ,32.0
611.0,KENNY ,32.0
611.0,LENNY ,32.0
611.0,MITCHEL ,32.0
611.0,MONTGOMERY ,32.0
611.0,MURRAY ,32.0
611.0,NED ,32.0
611.0,RAYHAN ,32.0
611.0,ROAN ,32.0
611.0,TYE ,32.0
611.0,VINNIE ,32.0
611.0,ZAKI ,32.0
633.0,AARAN ,31.0
633.0,AMMAR ,31.0
633.0,CIERAN ,31.0
633.0,DANIAL ,31.0
633.0,EDWIN ,31.0
633.0,FINTAN ,31.0
633.0,FREDDY ,31.0
633.0,GLENN ,31.0
633.0,JAN ,31.0
633.0,JUAN ,31.0
633.0,KRISHAN ,31.0
633.0,LUQMAN ,31.0
633.0,NABIL ,31.0
633.0,PRINCE ,31.0
633.0,RAEES ,31.0
633.0,REEGAN ,31.0
633.0,RICO ,31.0
633.0,ROY ,31.0
633.0,SUBHAAN ,31.0
633.0,SUBHAN ,31.0
633.0,TALHA ,31.0
633.0,USMAAN ,31.0
633.0,YASEEN ,31.0
656.0,ABDULRAHMAN ,30.0
656.0,AKASH ,30.0
656.0,DILAN ,30.0
656.0,EMRE ,30.0
656.0,EREN ,30.0
656.0,FENTON ,30.0
656.0,ISMAEEL ,30.0
656.0,JAMIL ,30.0
656.0,KOBE ,30.0
656.0,PIERRE ,30.0
656.0,ROMEO ,30.0
656.0,SAAD ,30.0
656.0,TATE ,30.0
656.0,WADE ,30.0
656.0,YOUSUF ,30.0
671.0,AAMIR ,29.0
671.0,ALEXANDRE ,29.0
671.0,AMARI ,29.0
671.0,ARAN ,29.0
671.0,ARMAN ,29.0
671.0,AZAAN ,29.0
671.0,DENIS ,29.0
671.0,FABIO ,29.0
671.0,FINNIAN ,29.0
671.0,HENRI ,29.0
671.0,ISAIAH ,29.0
671.0,JOHNATHAN ,29.0
671.0,JOSS ,29.0
671.0,KASHIF ,29.0
671.0,NANA ,29.0
671.0,OWAIS ,29.0
671.0,ROHIT ,29.0
671.0,SHEIKH ,29.0
671.0,WILFRED ,29.0
671.0,WOODY ,29.0
691.0,ARIF ,28.0
691.0,CARWYN ,28.0
691.0,DENIZ ,28.0
691.0,FAIZAN ,28.0
691.0,IDRIS ,28.0
691.0,KAYNE ,28.0
691.0,LAMAR ,28.0
691.0,LENNOX ,28.0
691.0,LEWYS ,28.0
691.0,MARCEL ,28.0
691.0,MERT ,28.0
691.0,MONTY ,28.0
691.0,NOEL ,28.0
691.0,ORLANDO ,28.0
691.0,REGGIE ,28.0
691.0,RUDI ,28.0
691.0,SEBASTIEN ,28.0
691.0,SHELDON ,28.0
691.0,SULEMAN ,28.0
710.0,BROOK ,27.0
710.0,DANIYAL ,27.0
710.0,FINDLAY ,27.0
710.0,GRAHAM ,27.0
710.0,JUNIOR ,27.0
710.0,KAYLUM ,27.0
710.0,KEANE ,27.0
710.0,MANRAJ ,27.0
710.0,MOSES ,27.0
710.0,OISIN ,27.0
710.0,SILAS ,27.0
710.0,VISHAL ,27.0
722.0,ABDI ,26.0
722.0,ABDUR ,26.0
722.0,AHSAN ,26.0
722.0,ALBIE ,26.0
722.0,ALEJANDRO ,26.0
722.0,ALEXANDROS ,26.0
722.0,AQIB ,26.0
722.0,ASA ,26.0
722.0,BRYCE ,26.0
722.0,CALLAM ,26.0
722.0,CAMPBELL ,26.0
722.0,CHANDLER ,26.0
722.0,DAANISH ,26.0
722.0,DONOVAN ,26.0
722.0,ERIK ,26.0
722.0,FAHIM ,26.0
722.0,GLEN ,26.0
722.0,HUZAIFAH ,26.0
722.0,JOSE ,26.0
722.0,KASIM ,26.0
722.0,KIE ,26.0
722.0,MAHIR ,26.0
722.0,MAISON ,26.0
722.0,OTTO ,26.0
722.0,REHAN ,26.0
722.0,RIZWAN ,26.0
722.0,SPIKE ,26.0
722.0,SUNNY ,26.0
722.0,TAHA ,26.0
722.0,THIERRY ,26.0
722.0,TYLA ,26.0
753.0,AKSHAY ,25.0
753.0,BILAAL ,25.0
753.0,BRANDEN ,25.0
753.0,CASPAR ,25.0
753.0,CASSIUS ,25.0
753.0,DANISH ,25.0
753.0,DAWUD ,25.0
753.0,DEV ,25.0
753.0,EUGENE ,25.0
753.0,EZRA ,25.0
753.0,FARHAAN ,25.0
753.0,FYNN ,25.0
753.0,GIDEON ,25.0
753.0,GREGOR ,25.0
753.0,HAL ,25.0
753.0,JAMEEL ,25.0
753.0,KAIDEN ,25.0
753.0,KAYDEN ,25.0
753.0,KISHAN ,25.0
753.0,MALAKAI ,25.0
753.0,MOHAMMOD ,25.0
753.0,PAOLO ,25.0
753.0,RAUL ,25.0
753.0,ROBSON ,25.0
753.0,SAMSON ,25.0
753.0,SAQIB ,25.0
753.0,TORIN ,25.0
753.0,YOUSEF ,25.0
781.0,ASHWIN ,24.0
781.0,AYUB ,24.0
781.0,CARLO ,24.0
781.0,CYRUS ,24.0
781.0,DHRUV ,24.0
781.0,FINNLEY ,24.0
781.0,FRANCESCO ,24.0
781.0,GIANLUCA ,24.0
781.0,HADLEY ,24.0
781.0,JAYDAN ,24.0
781.0,JEVON ,24.0
781.0,KAREEM ,24.0
781.0,KAYA ,24.0
781.0,KEITH ,24.0
781.0,LLEYTON ,24.0
781.0,LOUI ,24.0
781.0,MAHDI ,24.0
781.0,RAFE ,24.0
781.0,RAHIM ,24.0
781.0,SAMUAL ,24.0
781.0,SANJAY ,24.0
781.0,VINAY ,24.0
781.0,YUNUS ,24.0
781.0,ZACKARY ,24.0
805.0,ADDISON ,23.0
805.0,CHAY ,23.0
805.0,DARIUS ,23.0
805.0,EMANUEL ,23.0
805.0,EZEKIEL ,23.0
805.0,HABIB ,23.0
805.0,HERBIE ,23.0
805.0,IAIN ,23.0
805.0,JONAS ,23.0
805.0,JOVAN ,23.0
805.0,JULIUS ,23.0
805.0,KAMIL ,23.0
805.0,KODY ,23.0
805.0,MALACHY ,23.0
805.0,MARKUS ,23.0
805.0,MICHEAL ,23.0
805.0,RAVI ,23.0
805.0,SYDNEY ,23.0
805.0,ZUBAIR ,23.0
824.0,ABID ,22.0
824.0,BARAN ,22.0
824.0,BARRY ,22.0
824.0,CHRIS ,22.0
824.0,FARDEEN ,22.0
824.0,GILES ,22.0
824.0,HAIDAR ,22.0
824.0,ISHAQ ,22.0
824.0,IZAAC ,22.0
824.0,JAWAD ,22.0
824.0,KAAN ,22.0
824.0,KALUM ,22.0
824.0,KEAN ,22.0
824.0,MARIO ,22.0
824.0,OSAMA ,22.0
824.0,PARIS ,22.0
824.0,PEDRO ,22.0
824.0,RAYAN ,22.0
824.0,SAEED ,22.0
824.0,STAN ,22.0
824.0,SUHAIL ,22.0
824.0,TANVIR ,22.0
824.0,TOBEY ,22.0
824.0,TYRIQUE ,22.0
848.0,ARLO ,21.0
848.0,AYDEN ,21.0
848.0,CORBIN ,21.0
848.0,EDAN ,21.0
848.0,FRANKLIN ,21.0
848.0,GERAINT ,21.0
848.0,JADON ,21.0
848.0,JEFFREY ,21.0
848.0,JULES ,21.0
848.0,KOBY ,21.0
848.0,MIRZA ,21.0
848.0,MOHAMAD ,21.0
848.0,RIDWAN ,21.0
848.0,SAFWAN ,21.0
848.0,SHAE ,21.0
848.0,SHAYAN ,21.0
848.0,SHYAM ,21.0
848.0,TAHMID ,21.0
848.0,TYREESE ,21.0
848.0,VIKRAM ,21.0
848.0,ZAKARIAH ,21.0
869.0,ABUBAKAR ,20.0
869.0,ADEM ,20.0
869.0,ANEURIN ,20.0
869.0,ANTOINE ,20.0
869.0,AQEEL ,20.0
869.0,ATIF ,20.0
869.0,BENN ,20.0
869.0,BERTIE ,20.0
869.0,BRUCE ,20.0
869.0,CORBAN ,20.0
869.0,DEVIN ,20.0
869.0,EESA ,20.0
869.0,ELVIS ,20.0
869.0,ERNEST ,20.0
869.0,GEOFFREY ,20.0
869.0,HAKEEM ,20.0
869.0,HISHAM ,20.0
869.0,IKRAM ,20.0
869.0,JAIME ,20.0
869.0,JARRAD ,20.0
869.0,JAYSON ,20.0
869.0,JONTY ,20.0
869.0,JUNAYD ,20.0
869.0,KAVAN ,20.0
869.0,KELSEY ,20.0
869.0,KHALIL ,20.0
869.0,LEMAR ,20.0
869.0,MARVIN ,20.0
869.0,MIGUEL ,20.0
869.0,MIKEY ,20.0
869.0,OMER ,20.0
869.0,RONALD ,20.0
869.0,RUAIRI ,20.0
869.0,SHAKIL ,20.0
869.0,SULAYMAN ,20.0
869.0,YASIR ,20.0
869.0,YOUSAF ,20.0
869.0,YOUSSEF ,20.0
907.0,ADNAAN ,19.0
907.0,AMEER ,19.0
907.0,AMRIT ,19.0
907.0,AUGUSTUS ,19.0
907.0,AXEL ,19.0
907.0,AYOUB ,19.0
907.0,BERNARD ,19.0
907.0,BRENDEN ,19.0
907.0,CHASE ,19.0
907.0,CHESTER ,19.0
907.0,CLEMENT ,19.0
907.0,COOPER ,19.0
907.0,COURTNEY ,19.0
907.0,DAWSON ,19.0
907.0,DEON ,19.0
907.0,DEVAN ,19.0
907.0,DIEGO ,19.0
907.0,ETIENNE ,19.0
907.0,GIANNI ,19.0
907.0,GREG ,19.0
907.0,GUTO ,19.0
907.0,HARUN ,19.0
907.0,HARVIE ,19.0
907.0,ISHAAN ,19.0
907.0,JAYDN ,19.0
907.0,KUSH ,19.0
907.0,LANCE ,19.0
907.0,LEIGH ,19.0
907.0,ORAN ,19.0
907.0,OTIS ,19.0
907.0,RAJVEER ,19.0
907.0,REES ,19.0
907.0,REX ,19.0
907.0,SAYED ,19.0
907.0,STEWART ,19.0
907.0,SUFYAN ,19.0
907.0,SULTAN ,19.0
907.0,TARUN ,19.0
907.0,TERRELL ,19.0
907.0,WALEED ,19.0
907.0,WARWICK ,19.0
907.0,WILLEM ,19.0
907.0,ZACHARIAS ,19.0
950.0,ABEL ,18.0
950.0,AKRAM ,18.0
950.0,ALESSIO ,18.0
950.0,AREEB ,18.0
950.0,AZEEM ,18.0
950.0,CASPER ,18.0
950.0,CLARK ,18.0
950.0,DEVANTE ,18.0
950.0,DEVONTE ,18.0
950.0,DIOGO ,18.0
950.0,DWAYNE ,18.0
950.0,ENRICO ,18.0
950.0,ENRIQUE ,18.0
950.0,HAROLD ,18.0
950.0,ISMAEL ,18.0
950.0,JAKUB ,18.0
950.0,JOLYON ,18.0
950.0,JUDAH ,18.0
950.0,KABIR ,18.0
950.0,KAMAL ,18.0
950.0,KAYLAN ,18.0
950.0,KEALAN ,18.0
950.0,KORBAN ,18.0
950.0,KRISH ,18.0
950.0,KRISTOPHER ,18.0
950.0,LOCHLAN ,18.0
950.0,LUCIAN ,18.0
950.0,MAHAD ,18.0
950.0,MAHAMED ,18.0
950.0,MALCOLM ,18.0
950.0,MANVIR ,18.0
950.0,NATHANIAL ,18.0
950.0,NELSON ,18.0
950.0,NILE ,18.0
950.0,NOOR ,18.0
950.0,OLUWATOBI ,18.0
950.0,OLUWATOBILOBA ,18.0
950.0,PABLO ,18.0
950.0,RIAZ ,18.0
950.0,RICHIE ,18.0
950.0,RONALDO ,18.0
950.0,SOHAIB ,18.0
950.0,ZION ,18.0
993.0,ABDURRAHMAN ,17.0
993.0,ALVIN ,17.0
993.0,ANIS ,17.0
993.0,ARVIN ,17.0
993.0,AYRTON ,17.0
993.0,BRADY ,17.0
993.0,BRAYDEN ,17.0
993.0,CONALL ,17.0
993.0,COSMO ,17.0
993.0,DAANYAL ,17.0
993.0,DYLON ,17.0
993.0,EMIL ,17.0
993.0,EMILIO ,17.0
993.0,HAMAAD ,17.0
993.0,HARVIR ,17.0
993.0,HOWARD ,17.0
993.0,ISHAN ,17.0
993.0,JARROD ,17.0
993.0,JASKARAN ,17.0
993.0,JEAN ,17.0
993.0,KALEEM ,17.0
993.0,KAZI ,17.0
993.0,KEANU ,17.0
993.0,KOBI ,17.0
993.0,KOREY ,17.0
993.0,LEROY ,17.0
993.0,LINCOLN ,17.0
993.0,NIKOLAS ,17.0
993.0,OSMAN ,17.0
993.0,RAIHAN ,17.0
993.0,REESE ,17.0
993.0,ROBERTO ,17.0
993.0,SID ,17.0
993.0,SUNIL ,17.0
993.0,SURAJ ,17.0
993.0,TALHAH ,17.0
993.0,TIM ,17.0
993.0,TRENT ,17.0
993.0,TRYSTAN ,17.0
993.0,ZAKIR ,17.0
1033.0,ADITYA ,16.0
1033.0,AHMET ,16.0
1033.0,AZHAR ,16.0
1033.0,BRANDON-LEE ,16.0
1033.0,CADAN ,16.0
1033.0,CAELAN ,16.0
1033.0,CHAIM ,16.0
1033.0,CONNAH ,16.0
1033.0,DARRYL ,16.0
1033.0,DOMINIK ,16.0
1033.0,EOGHAN ,16.0
1033.0,FREDERIC ,16.0
1033.0,GARIN ,16.0
1033.0,GRIFFIN ,16.0
1033.0,ISHMAEL ,16.0
1033.0,JAIDAN ,16.0
1033.0,JAMIE-LEE ,16.0
1033.0,JEM ,16.0
1033.0,JERRY ,16.0
1033.0,JIM ,16.0
1033.0,KALVIN ,16.0
1033.0,KIER ,16.0
1033.0,KWAME ,16.0
1033.0,LUIGI ,16.0
1033.0,LYLE ,16.0
1033.0,MANAV ,16.0
1033.0,MARCOS ,16.0
1033.0,MARLON ,16.0
1033.0,MATEO ,16.0
1033.0,MYRON ,16.0
1033.0,NAEEM ,16.0
1033.0,NASSER ,16.0
1033.0,RAY ,16.0
1033.0,REILLY ,16.0
1033.0,REON ,16.0
1033.0,RIVER ,16.0
1033.0,SAID ,16.0
1033.0,SHUAIB ,16.0
1033.0,TAYLER ,16.0
1033.0,THAI ,16.0
1033.0,TREVOR ,16.0
1033.0,UMAYR ,16.0
1033.0,ZACHERY ,16.0
1033.0,ZESHAN ,16.0
1077.0,ALISTER ,15.0
1077.0,ANIL ,15.0
1077.0,ARMANI ,15.0
1077.0,ASHRAF ,15.0
1077.0,AYUSH ,15.0
1077.0,BALRAJ ,15.0
1077.0,COLM ,15.0
1077.0,CORBYN ,15.0
1077.0,CRISTIAN ,15.0
1077.0,DARYL ,15.0
1077.0,DAUD ,15.0
1077.0,DIYAR ,15.0
1077.0,EDUARDO ,15.0
1077.0,EWEN ,15.0
1077.0,FARAZ ,15.0
1077.0,GAGE ,15.0
1077.0,GARRY ,15.0
1077.0,GUS ,15.0
1077.0,HADI ,15.0
1077.0,HAMAD ,15.0
1077.0,HAMID ,15.0
1077.0,HUSSEIN ,15.0
1077.0,IRFAN ,15.0
1077.0,JAXON ,15.0
1077.0,JOAO ,15.0
1077.0,JORDEN ,15.0
1077.0,KASEY ,15.0
1077.0,KELAN ,15.0
1077.0,KHALED ,15.0
1077.0,KODI ,15.0
1077.0,LAWSON ,15.0
1077.0,LESLIE ,15.0
1077.0,LIBAN ,15.0
1077.0,LYNDON ,15.0
1077.0,MAC ,15.0
1077.0,MAGNUS ,15.0
1077.0,MAURICE ,15.0
1077.0,MOSHE ,15.0
1077.0,PACEY ,15.0
1077.0,PAVAN ,15.0
1077.0,PRESTON ,15.0
1077.0,REMI ,15.0
1077.0,ROMARIO ,15.0
1077.0,RUDY ,15.0
1077.0,RYLAN ,15.0
1077.0,SAJID ,15.0
1077.0,SHAKEEL ,15.0
1077.0,TARIK ,15.0
1077.0,TAYYAB ,15.0
1077.0,TAYYIB ,15.0
1077.0,WALID ,15.0
1128.0,ABDALLAH ,14.0
1128.0,ABHAY ,14.0
1128.0,AKEEM ,14.0
1128.0,ALLAN ,14.0
1128.0,AMOS ,14.0
1128.0,ANAND ,14.0
1128.0,ARIAN ,14.0
1128.0,ARYA ,14.0
1128.0,ASIF ,14.0
1128.0,AYOMIDE ,14.0
1128.0,BLAISE ,14.0
1128.0,CAN ,14.0
1128.0,CEM ,14.0
1128.0,CLARKE ,14.0
1128.0,COBI ,14.0
1128.0,CORI ,14.0
1128.0,DARRAGH ,14.0
1128.0,DEREK ,14.0
1128.0,EBEN ,14.0
1128.0,EDDY ,14.0
1128.0,ELIOTT ,14.0
1128.0,FAIZ ,14.0
1128.0,FILIP ,14.0
1128.0,FIONN ,14.0
1128.0,FLOYD ,14.0
1128.0,GERALD ,14.0
1128.0,HAMMAAD ,14.0
1128.0,HERBERT ,14.0
1128.0,HUMZAH ,14.0
1128.0,HUZAIFA ,14.0
1128.0,JOHAN ,14.0
1128.0,JOSEFF ,14.0
1128.0,LINUS ,14.0
1128.0,LUQMAAN ,14.0
1128.0,MD ,14.0
1128.0,MUHSIN ,14.0
1128.0,NADEEM ,14.0
1128.0,NADIM ,14.0
1128.0,NICKY ,14.0
1128.0,PADRAIG ,14.0
1128.0,RASHID ,14.0
1128.0,REID ,14.0
1128.0,RHYDIAN ,14.0
1128.0,RUARI ,14.0
1128.0,RUEBEN ,14.0
1128.0,SAFWAAN ,14.0
1128.0,SAI ,14.0
1128.0,SALEEM ,14.0
1128.0,SHAQUILLE ,14.0
1128.0,SUHAIB ,14.0
1128.0,TIAGO ,14.0
1128.0,TIGER ,14.0
1128.0,TOMMY-LEE ,14.0
1128.0,UMER ,14.0
1128.0,UMUT ,14.0
1128.0,VIVEK ,14.0
1128.0,WAQAS ,14.0
1128.0,WILSON ,14.0
1128.0,YASSER ,14.0
1128.0,YUSEF ,14.0
1128.0,YUVRAJ ,14.0
1128.0,ZACKERY ,14.0
1190.0,AARYAN ,13.0
1190.0,ALEXIS ,13.0
1190.0,AMAAR ,13.0
1190.0,AMIT ,13.0
1190.0,ANEES ,13.0
1190.0,BENITO ,13.0
1190.0,BEVAN ,13.0
1190.0,BLUE ,13.0
1190.0,CARSON ,13.0
1190.0,CHI ,13.0
1190.0,CONAN ,13.0
1190.0,CORIN ,13.0
1190.0,DEEN ,13.0
1190.0,DONALD ,13.0
1190.0,ENES ,13.0
1190.0,FINBAR ,13.0
1190.0,FINNLAY ,13.0
1190.0,FRANCISCO ,13.0
1190.0,GIACOMO ,13.0
1190.0,GIUSEPPE ,13.0
1190.0,HAIDEN ,13.0
1190.0,HUSEYIN ,13.0
1190.0,IMMANUEL ,13.0
1190.0,IVO ,13.0
1190.0,JAEDEN ,13.0
1190.0,JARRED ,13.0
1190.0,JARVIS ,13.0
1190.0,JAYE ,13.0
1190.0,JOHNATHON ,13.0
1190.0,JOSHAN ,13.0
1190.0,JOZEF ,13.0
1190.0,KACEY ,13.0
1190.0,KAMRON ,13.0
1190.0,KOBIE ,13.0
1190.0,KRIS ,13.0
1190.0,KWABENA ,13.0
1190.0,LUCCA ,13.0
1190.0,LUI ,13.0
1190.0,MASSIMO ,13.0
1190.0,MERLIN ,13.0
1190.0,MIKHAIL ,13.0
1190.0,NASEEM ,13.0
1190.0,NASIR ,13.0
1190.0,NATE ,13.0
1190.0,NIGEL ,13.0
1190.0,NYLE ,13.0
1190.0,PRANAV ,13.0
1190.0,PRESLEY ,13.0
1190.0,RAFFERTY ,13.0
1190.0,RIORDAN ,13.0
1190.0,RUI ,13.0
1190.0,SANDEEP ,13.0
1190.0,SANTINO ,13.0
1190.0,SHLOIME ,13.0
1190.0,SHUAYB ,13.0
1190.0,STEVE ,13.0
1190.0,TYREKE ,13.0
1190.0,TYRON ,13.0
1190.0,VAUGHAN ,13.0
1190.0,VINCENZO ,13.0
1190.0,VINNY ,13.0
1190.0,WASEEM ,13.0
1190.0,ZANDER ,13.0
1253.0,AAQIB ,12.0
1253.0,ABDULAHI ,12.0
1253.0,ABDUR-RAHMAN ,12.0
1253.0,ABU-BAKR ,12.0
1253.0,AKEEL ,12.0
1253.0,AMMAN ,12.0
1253.0,ANDERSON ,12.0
1253.0,ASHLEE ,12.0
1253.0,AYAAN ,12.0
1253.0,AYMEN ,12.0
1253.0,AYUUB ,12.0
1253.0,BLADE ,12.0
1253.0,BORIS ,12.0
1253.0,BUDDY ,12.0
1253.0,BUSTER ,12.0
1253.0,CHRISTOS ,12.0
1253.0,DARIO ,12.0
1253.0,DOMINICK ,12.0
1253.0,EAMONN ,12.0
1253.0,ESA ,12.0
1253.0,FABIEN ,12.0
1253.0,GRUFFYDD ,12.0
1253.0,HAKAN ,12.0
1253.0,HAKIM ,12.0
1253.0,INIGO ,12.0
1253.0,JACE ,12.0
1253.0,JAE ,12.0
1253.0,JAHIEM ,12.0
1253.0,JAMAAL ,12.0
1253.0,JEZ ,12.0
1253.0,JODY ,12.0
1253.0,JONNY ,12.0
1253.0,KEMAL ,12.0
1253.0,KINGSLEY ,12.0
1253.0,MACAULAY ,12.0
1253.0,MACSEN ,12.0
1253.0,MAHMOOD ,12.0
1253.0,MARTYN ,12.0
1253.0,MATHIEU ,12.0
1253.0,MATTHIAS ,12.0
1253.0,MEHDI ,12.0
1253.0,MERGIM ,12.0
1253.0,MORDECHAI ,12.0
1253.0,MUJAHID ,12.0
1253.0,NADIR ,12.0
1253.0,NAIM ,12.0
1253.0,NEEL ,12.0
1253.0,OLE ,12.0
1253.0,OMARI ,12.0
1253.0,RAJ ,12.0
1253.0,REHAAN ,12.0
1253.0,ROGER ,12.0
1253.0,SALIM ,12.0
1253.0,SAMAD ,12.0
1253.0,SANTIAGO ,12.0
1253.0,SAXON ,12.0
1253.0,SHAHID ,12.0
1253.0,SONNIE ,12.0
1253.0,STEVIE ,12.0
1253.0,STORM ,12.0
1253.0,SUKHRAJ ,12.0
1253.0,TAYO ,12.0
1253.0,TIERNAN ,12.0
1253.0,TINASHE ,12.0
1253.0,TYLOR ,12.0
1253.0,YOUNES ,12.0
1253.0,ZAHID ,12.0
1253.0,ZAKARY ,12.0
1253.0,ZAKK ,12.0
1322.0,ABUBAKR ,11.0
1322.0,AEDAN ,11.0
1322.0,AKIVA ,11.0
1322.0,ALBERTO ,11.0
1322.0,ALEKSANDAR ,11.0
1322.0,ALEKSANDER ,11.0
1322.0,ALEXEI ,11.0
1322.0,ANDREI ,11.0
1322.0,ANDRES ,11.0
1322.0,AQIL ,11.0
1322.0,ARNOLD ,11.0
1322.0,BAILLIE ,11.0
1322.0,BARIS ,11.0
1322.0,BASIL ,11.0
1322.0,BECK ,11.0
1322.0,BILL ,11.0
1322.0,BRADLEE ,11.0
1322.0,BRADLY ,11.0
1322.0,BRANNON ,11.0
1322.0,BRENT ,11.0
1322.0,BROOKE ,11.0
1322.0,BURHAN ,11.0
1322.0,CHRISTY ,11.0
1322.0,CONNA ,11.0
1322.0,DAWOOD ,11.0
1322.0,DEANDRE ,11.0
1322.0,DERMOT ,11.0
1322.0,DERRY ,11.0
1322.0,EATHAN ,11.0
1322.0,EDGAR ,11.0
1322.0,EFAN ,11.0
1322.0,ENZO ,11.0
1322.0,FINDLEY ,11.0
1322.0,FRANKLYN ,11.0
1322.0,GIORGIO ,11.0
1322.0,GORDON ,11.0
1322.0,HADYN ,11.0
1322.0,HANIF ,11.0
1322.0,HARJOT ,11.0
1322.0,HAYDYN ,11.0
1322.0,HUEY ,11.0
1322.0,IBRAAHEEM ,11.0
1322.0,IMAD ,11.0
1322.0,ISRAEL ,11.0
1322.0,ISSAC ,11.0
1322.0,JAIDON ,11.0
1322.0,JAVAN ,11.0
1322.0,JEVAN ,11.0
1322.0,JOBE ,11.0
1322.0,JOHN-PAUL ,11.0
1322.0,KAIRON ,11.0
1322.0,KEREM ,11.0
1322.0,KHALEEL ,11.0
1322.0,KILLIAN ,11.0
1322.0,KORY ,11.0
1322.0,LEX ,11.0
1322.0,LUCIEN ,11.0
1322.0,MALIQUE ,11.0
1322.0,MARKO ,11.0
1322.0,MARWAN ,11.0
1322.0,MATHIAS ,11.0
1322.0,MUBARAK ,11.0
1322.0,MUSTAPHA ,11.0
1322.0,ONUR ,11.0
1322.0,OZAN ,11.0
1322.0,PAULO ,11.0
1322.0,QUINCY ,11.0
1322.0,RAHIL ,11.0
1322.0,RAJVIR ,11.0
1322.0,RAZA ,11.0
1322.0,REEF ,11.0
1322.0,REMY ,11.0
1322.0,RONIN ,11.0
1322.0,SALEH ,11.0
1322.0,SHAYNE ,11.0
1322.0,SHEIK ,11.0
1322.0,SHIV ,11.0
1322.0,SUHAYB ,11.0
1322.0,TADHG ,11.0
1322.0,TAHIR ,11.0
1322.0,TRE ,11.0
1322.0,UTHMAN ,11.0
1322.0,VARUN ,11.0
1322.0,WINSTON ,11.0
1322.0,YEHUDA ,11.0
1322.0,YISROEL ,11.0
1322.0,YOSEF ,11.0
1322.0,ZIDANE ,11.0
1322.0,ZISHAN ,11.0
1411.0,ABDULAZIZ ,10.0
1411.0,ALEEM ,10.0
1411.0,ALVARO ,10.0
1411.0,AMANDEEP ,10.0
1411.0,ANDREA ,10.0
1411.0,ARCHER ,10.0
1411.0,ARNAV ,10.0
1411.0,AYDIN ,10.0
1411.0,BABATUNDE ,10.0
1411.0,BARNABAS ,10.0
1411.0,BAXTER ,10.0
1411.0,BAYLEE ,10.0
1411.0,BERKAY ,10.0
1411.0,BLANE ,10.0
1411.0,BLAYNE ,10.0
1411.0,BURAK ,10.0
1411.0,CAIRO ,10.0
1411.0,CHANCE ,10.0
1411.0,CLAY ,10.0
1411.0,CODIE ,10.0
1411.0,CYLE ,10.0
1411.0,D'ANDRE ,10.0
1411.0,DAMION ,10.0
1411.0,DARIAN ,10.0
1411.0,DARSHAN ,10.0
1411.0,DAVIS ,10.0
1411.0,DIARMUID ,10.0
1411.0,DON ,10.0
1411.0,DONELL ,10.0
1411.0,DONNELL ,10.0
1411.0,DYLLAN ,10.0
1411.0,EAMON ,10.0
1411.0,EBRAHIM ,10.0
1411.0,ELISHA ,10.0
1411.0,ELLISON ,10.0
1411.0,ENOCH ,10.0
1411.0,FAWAZ ,10.0
1411.0,FAYSAL ,10.0
1411.0,FEDERICO ,10.0
1411.0,FERGAL ,10.0
1411.0,FINNAN ,10.0
1411.0,GAURAV ,10.0
1411.0,GHULAM ,10.0
1411.0,GULAM ,10.0
1411.0,IHSAN ,10.0
1411.0,IMAAD ,10.0
1411.0,JADAN ,10.0
1411.0,JAVIER ,10.0
1411.0,JETHRO ,10.0
1411.0,JIBRIL ,10.0
1411.0,JONJO ,10.0
1411.0,JORDAN-LEE ,10.0
1411.0,KASPER ,10.0
1411.0,KAYLEM ,10.0
1411.0,KEANAN ,10.0
1411.0,KEIAN ,10.0
1411.0,KEON ,10.0
1411.0,KHAI ,10.0
1411.0,KORAY ,10.0
1411.0,KYAN ,10.0
1411.0,KYLAN ,10.0
1411.0,LEWIE ,10.0
1411.0,LINDEN ,10.0
1411.0,MAHMOUD ,10.0
1411.0,MAJID ,10.0
1411.0,MARCELLO ,10.0
1411.0,MATIAS ,10.0
1411.0,MAXIME ,10.0
1411.0,MIKE ,10.0
1411.0,MITCH ,10.0
1411.0,MUKHTAR ,10.0
1411.0,MUNEEB ,10.0
1411.0,MURAT ,10.0
1411.0,MURTAZA ,10.0
1411.0,MUSAB ,10.0
1411.0,NAVEED ,10.0
1411.0,NAVRAJ ,10.0
1411.0,NUMAN ,10.0
1411.0,OLAMIDE ,10.0
1411.0,ORSON ,10.0
1411.0,OZZY ,10.0
1411.0,PEARCE ,10.0
1411.0,QAIS ,10.0
1411.0,RAYAAN ,10.0
1411.0,RICCARDO ,10.0
1411.0,RITCHIE ,10.0
1411.0,SAHIB ,10.0
1411.0,SHAI ,10.0
1411.0,SHIMON ,10.0
1411.0,SINA ,10.0
1411.0,SULLIVAN ,10.0
1411.0,TEEJAY ,10.0
1411.0,TEO ,10.0
1411.0,THOM ,10.0
1411.0,TOBI ,10.0
1411.0,TOLGA ,10.0
1411.0,TOMMI ,10.0
1411.0,UZAYR ,10.0
1411.0,VALENTINO ,10.0
1411.0,WAQAR ,10.0
1411.0,WASIM ,10.0
1411.0,WIL ,10.0
1411.0,YAHYE ,10.0
1411.0,YITZCHOK ,10.0
1411.0,YOUSIF ,10.0
1411.0,ZACHARIA ,10.0
1411.0,ZAINE ,10.0
1411.0,ZAVIER ,10.0
1519.0,AARRON ,9.0
1519.0,ABDULLA ,9.0
1519.0,ABUL ,9.0
1519.0,ADEL ,9.0
1519.0,AERON ,9.0
1519.0,AKAASH ,9.0
1519.0,AKHIL ,9.0
1519.0,AL ,9.0
1519.0,AMAAD ,9.0
1519.0,AMBROSE ,9.0
1519.0,AMINE ,9.0
1519.0,AMMAAR ,9.0
1519.0,ANDERS ,9.0
1519.0,ANEIRIN ,9.0
1519.0,ANWAR ,9.0
1519.0,ARYAAN ,9.0
1519.0,AUSTEN ,9.0
1519.0,BERKAN ,9.0
1519.0,BERTRAM ,9.0
1519.0,BRANDYN ,9.0
1519.0,BRAYDON ,9.0
1519.0,BROCK ,9.0
1519.0,CAIUS ,9.0
1519.0,CAMERAN ,9.0
1519.0,CARRICK ,9.0
1519.0,CHUKWUEMEKA ,9.0
1519.0,CLIVE ,9.0
1519.0,COHEN ,9.0
1519.0,CONNELL ,9.0
1519.0,CORRIE ,9.0
1519.0,CRISPIN ,9.0
1519.0,DANIELE ,9.0
1519.0,DARNEL ,9.0
1519.0,DARRELL ,9.0
1519.0,DAYNE ,9.0
1519.0,DENVER ,9.0
1519.0,DINO ,9.0
1519.0,DONTAE ,9.0
1519.0,DONTAY ,9.0
1519.0,DONTE ,9.0
1519.0,DRE ,9.0
1519.0,ELYAS ,9.0
1519.0,EMIR ,9.0
1519.0,FREDRICK ,9.0
1519.0,GAGANDEEP ,9.0
1519.0,GERRY ,9.0
1519.0,GRUFFUDD ,9.0
1519.0,GURVIR ,9.0
1519.0,GWILYM ,9.0
1519.0,GWION ,9.0
1519.0,HALLAM ,9.0
1519.0,HANAD ,9.0
1519.0,HISHAAM ,9.0
1519.0,HYWEL ,9.0
1519.0,ILHAN ,9.0
1519.0,ISHAAQ ,9.0
1519.0,JAMEL ,9.0
1519.0,JASRAJ ,9.0
1519.0,JAWAAD ,9.0
1519.0,JAYMIE ,9.0
1519.0,JIMI ,9.0
1519.0,JOACHIM ,9.0
1519.0,KAILUM ,9.0
1519.0,KEN ,9.0
1519.0,KHIZER ,9.0
1519.0,KIEFER ,9.0
1519.0,KIEN ,9.0
1519.0,KIM ,9.0
1519.0,KYA ,9.0
1519.0,LEANDRO ,9.0
1519.0,LLYR ,9.0
1519.0,LUCIUS ,9.0
1519.0,MACE ,9.0
1519.0,MALAKI ,9.0
1519.0,MD. ,9.0
1519.0,MELVIN ,9.0
1519.0,MEMPHIS ,9.0
1519.0,MICKY ,9.0
1519.0,MUHAMED ,9.0
1519.0,NAHUM ,9.0
1519.0,NAJIB ,9.0
1519.0,NASIM ,9.0
1519.0,NICK ,9.0
1519.0,OLLY ,9.0
1519.0,OLUWATIMILEHIN ,9.0
1519.0,ORIN ,9.0
1519.0,PANASHE ,9.0
1519.0,PARSA ,9.0
1519.0,PRAVEEN ,9.0
1519.0,QUINLAN ,9.0
1519.0,RAHEEL ,9.0
1519.0,RAIFE ,9.0
1519.0,RAYHAAN ,9.0
1519.0,REIS ,9.0
1519.0,RHYAN ,9.0
1519.0,RION ,9.0
1519.0,RIYAD ,9.0
1519.0,ROCKY ,9.0
1519.0,RODNEY ,9.0
1519.0,ROSCOE ,9.0
1519.0,SAKIB ,9.0
1519.0,SALMAAN ,9.0
1519.0,SHAHEER ,9.0
1519.0,SHAKIR ,9.0
1519.0,SHAMAR ,9.0
1519.0,SHAMUS ,9.0
1519.0,SHAW ,9.0
1519.0,SHILOH ,9.0
1519.0,SHLOMO ,9.0
1519.0,SOFIAN ,9.0
1519.0,STEFANO ,9.0
1519.0,STEPHAN ,9.0
1519.0,STIRLING ,9.0
1519.0,SULEIMAN ,9.0
1519.0,TAKUDZWA ,9.0
1519.0,TALIESIN ,9.0
1519.0,TAUHEED ,9.0
1519.0,TAYE ,9.0
1519.0,TEON ,9.0
1519.0,TERRENCE ,9.0
1519.0,TOMMIE ,9.0
1519.0,TRAFFORD ,9.0
1519.0,TYREEK ,9.0
1519.0,TYRIQ ,9.0
1519.0,VIJAY ,9.0
1519.0,WALTER ,9.0
1519.0,YAAKOV ,9.0
1519.0,YAQUB ,9.0
1519.0,YOEL ,9.0
1519.0,YUSAF ,9.0
1519.0,ZECHARIAH ,9.0
1519.0,ZEESHAAN ,9.0
1651.0,ABD ,8.0
1651.0,ABDURRAHMAAN ,8.0
1651.0,ABHISHEK ,8.0
1651.0,ADHAM ,8.0
1651.0,ADRIEN ,8.0
1651.0,AKIRA ,8.0
1651.0,ALIX ,8.0
1651.0,AMER ,8.0
1651.0,AREN ,8.0
1651.0,ARI ,8.0
1651.0,ARSALAN ,8.0
1651.0,ARSLAN ,8.0
1651.0,ASH ,8.0
1651.0,ASHLEIGH ,8.0
1651.0,AZAN ,8.0
1651.0,BENSON ,8.0
1651.0,BILLAL ,8.0
1651.0,BOB ,8.0
1651.0,CAEL ,8.0
1651.0,CAIDEN ,8.0
1651.0,CALE ,8.0
1651.0,CAMRAN ,8.0
1651.0,CARLTON ,8.0
1651.0,CLINTON ,8.0
1651.0,CONAL ,8.0
1651.0,DARWIN ,8.0
1651.0,DAVIN ,8.0
1651.0,DEEPAK ,8.0
1651.0,DENHOLM ,8.0
1651.0,DENNY ,8.0
1651.0,DHILLON ,8.0
1651.0,DORIAN ,8.0
1651.0,DRU ,8.0
1651.0,EDISON ,8.0
1651.0,ELTON ,8.0
1651.0,ENIS ,8.0
1651.0,ERAY ,8.0
1651.0,FAARIS ,8.0
1651.0,FAHD ,8.0
1651.0,FENN ,8.0
1651.0,FIZAAN ,8.0
1651.0,FREDERIK ,8.0
1651.0,GIAN ,8.0
1651.0,GURVEER ,8.0
1651.0,HAASHIM ,8.0
1651.0,HALEEM ,8.0
1651.0,HAMSE ,8.0
1651.0,HASSNAIN ,8.0
1651.0,HAYDAR ,8.0
1651.0,HEATH ,8.0
1651.0,HITEN ,8.0
1651.0,IMAAN ,8.0
1651.0,IMAN ,8.0
1651.0,IOLO ,8.0
1651.0,ISSA ,8.0
1651.0,JACKY ,8.0
1651.0,JACQUE ,8.0
1651.0,JAHEEM ,8.0
1651.0,JAYKE ,8.0
1651.0,JEFFERSON ,8.0
1651.0,JOBY ,8.0
1651.0,KAILAN ,8.0
1651.0,KALLAN ,8.0
1651.0,KARAM ,8.0
1651.0,KASSIM ,8.0
1651.0,KAVIN ,8.0
1651.0,KEION ,8.0
1651.0,KEIREN ,8.0
1651.0,KEYAN ,8.0
1651.0,KHIZAR ,8.0
1651.0,KIAH ,8.0
1651.0,KIENAN ,8.0
1651.0,KIERRAN ,8.0
1651.0,KONRAD ,8.0
1651.0,KYREN ,8.0
1651.0,LLEWELLYN ,8.0
1651.0,LLEWELYN ,8.0
1651.0,LLION ,8.0
1651.0,LOCHLANN ,8.0
1651.0,LUCUS ,8.0
1651.0,MACK ,8.0
1651.0,MAHAMMED ,8.0
1651.0,MAHIN ,8.0
1651.0,MANDEEP ,8.0
1651.0,MANVEER ,8.0
1651.0,MATTIAS ,8.0
1651.0,MAZIN ,8.0
1651.0,MCCAULEY ,8.0
1651.0,MICHAL ,8.0
1651.0,MICHELE ,8.0
1651.0,MICKEY ,8.0
1651.0,MOHMMED ,8.0
1651.0,MUAAZ ,8.0
1651.0,MUDASSAR ,8.0
1651.0,MUHAMMOD ,8.0
1651.0,MUJTABA ,8.0
1651.0,NAUMAN ,8.0
1651.0,NAYAN ,8.0
1651.0,NIAL ,8.0
1651.0,NIAM ,8.0
1651.0,ODIN ,8.0
1651.0,OLUWADAMILOLA ,8.0
1651.0,OREN ,8.0
1651.0,ORION ,8.0
1651.0,PATRYK ,8.0
1651.0,PETROS ,8.0
1651.0,QUENTIN ,8.0
1651.0,RAEKWON ,8.0
1651.0,RAFI ,8.0
1651.0,RASHAD ,8.0
1651.0,RENE ,8.0
1651.0,RIYADH ,8.0
1651.0,RIZWAAN ,8.0
1651.0,RONIT ,8.0
1651.0,RUAIRIDH ,8.0
1651.0,RYLEE ,8.0
1651.0,SABIR ,8.0
1651.0,SADIQ ,8.0
1651.0,SAFYAAN ,8.0
1651.0,SAIM ,8.0
1651.0,SALVATORE ,8.0
1651.0,SAMIUL ,8.0
1651.0,SHABAZ ,8.0
1651.0,SIAM ,8.0
1651.0,SIRAJ ,8.0
1651.0,SOREN ,8.0
1651.0,SYD ,8.0
1651.0,T-JAY ,8.0
1651.0,TAFARI ,8.0
1651.0,TALVIN ,8.0
1651.0,TANVEER ,8.0
1651.0,TARANVIR ,8.0
1651.0,TAREK ,8.0
1651.0,TEILO ,8.0
1651.0,TREMAINE ,8.0
1651.0,TRISTEN ,8.0
1651.0,TRISTON ,8.0
1651.0,TYLAN ,8.0
1651.0,VAUGHN ,8.0
1651.0,VIRAJ ,8.0
1651.0,WASIF ,8.0
1651.0,WILF ,8.0
1651.0,YAKOV ,8.0
1651.0,YAMIN ,8.0
1651.0,ZAHIR ,8.0
1651.0,ZAKARIYYA ,8.0
1651.0,ZIA ,8.0
1651.0,ZIYAD ,8.0
1799.0,AASIM ,7.0
1799.0,ABDIFATAH ,7.0
1799.0,ADAN ,7.0
1799.0,AHAD ,7.0
1799.0,ALBI ,7.0
1799.0,ALFONSO ,7.0
1799.0,ALIM ,7.0
1799.0,AMAL ,7.0
1799.0,AMARDEEP ,7.0
1799.0,AMEEN ,7.0
1799.0,AMR ,7.0
1799.0,ANDI ,7.0
1799.0,ANGEL ,7.0
1799.0,ANMOL ,7.0
1799.0,ARBAAZ ,7.0
1799.0,ARDA ,7.0
1799.0,ARLEY ,7.0
1799.0,AUBREY ,7.0
1799.0,AVAIS ,7.0
1799.0,AYDAN ,7.0
1799.0,BRICE ,7.0
1799.0,BRYNN ,7.0
1799.0,CAYLUM ,7.0
1799.0,CERI ,7.0
1799.0,CHIRAG ,7.0
1799.0,CIARON ,7.0
1799.0,CIERON ,7.0
1799.0,CONLAN ,7.0
1799.0,CORIE ,7.0
1799.0,DANIAAL ,7.0
1799.0,DAVEY ,7.0
1799.0,DAVIDE ,7.0
1799.0,DAVY ,7.0
1799.0,DENON ,7.0
1799.0,DENZIL ,7.0
1799.0,DERRICK ,7.0
1799.0,DESMOND ,7.0
1799.0,DEVLIN ,7.0
1799.0,DIGBY ,7.0
1799.0,DIMITRI ,7.0
1799.0,DJANGO ,7.0
1799.0,DOMONIC ,7.0
1799.0,DONNY ,7.0
1799.0,DUANE ,7.0
1799.0,ED ,7.0
1799.0,EHREN ,7.0
1799.0,EISA ,7.0
1799.0,EMERSON ,7.0
1799.0,ERIN ,7.0
1799.0,ERNIE ,7.0
1799.0,ESHAN ,7.0
1799.0,FARAAZ ,7.0
1799.0,FERDINAND ,7.0
1799.0,FERNANDO ,7.0
1799.0,FRANKY ,7.0
1799.0,GLYN ,7.0
1799.0,GURDEEP ,7.0
1799.0,GURVINDER ,7.0
1799.0,HABEEB ,7.0
1799.0,HARISH ,7.0
1799.0,HARPREET ,7.0
1799.0,HASAAN ,7.0
1799.0,IDREES ,7.0
1799.0,IHTISHAM ,7.0
1799.0,IKE ,7.0
1799.0,ILIAS ,7.0
1799.0,ISAAK ,7.0
1799.0,ISAM ,7.0
1799.0,JAGJEET ,7.0
1799.0,JAMAR ,7.0
1799.0,JANSEN ,7.0
1799.0,JASDEEP ,7.0
1799.0,JAYLEN ,7.0
1799.0,JAYME ,7.0
1799.0,JEAN-LUC ,7.0
1799.0,JEDD ,7.0
1799.0,JIBRAN ,7.0
1799.0,JOAQUIN ,7.0
1799.0,JODI ,7.0
1799.0,JOS ,7.0
1799.0,JOTHAM ,7.0
1799.0,KAELAN ,7.0
1799.0,KAELIN ,7.0
1799.0,KAILEN ,7.0
1799.0,KALE ,7.0
1799.0,KALEM ,7.0
1799.0,KAMREN ,7.0
1799.0,KAVI ,7.0
1799.0,KAYDON ,7.0
1799.0,KEILAN ,7.0
1799.0,KENNEDY ,7.0
1799.0,KERIM ,7.0
1799.0,KESHAV ,7.0
1799.0,KETAN ,7.0
1799.0,KEVAL ,7.0
1799.0,KHAN ,7.0
1799.0,KIEAN ,7.0
1799.0,KIEGAN ,7.0
1799.0,KIELAN ,7.0
1799.0,KILIAN ,7.0
1799.0,KONNOR ,7.0
1799.0,KUSHAL ,7.0
1799.0,KYMANI ,7.0
1799.0,LAITH ,7.0
1799.0,LAMARR ,7.0
1799.0,LARRY ,7.0
1799.0,LARS ,7.0
1799.0,LEMUEL ,7.0
1799.0,LINDON ,7.0
1799.0,LOUIX ,7.0
1799.0,LUCIANO ,7.0
1799.0,MAHER ,7.0
1799.0,MAHFUZ ,7.0
1799.0,MALI ,7.0
1799.0,MARIUS ,7.0
1799.0,MARLY ,7.0
1799.0,MARSHAL ,7.0
1799.0,MARTELL ,7.0
1799.0,MARTY ,7.0
1799.0,MEIR ,7.0
1799.0,MENACHEM ,7.0
1799.0,MENELIK ,7.0
1799.0,MIKAEL ,7.0
1799.0,MIKAIL ,7.0
1799.0,MILTON ,7.0
1799.0,MIR ,7.0
1799.0,MOBEEN ,7.0
1799.0,MOOSA ,7.0
1799.0,MUHAMAD ,7.0
1799.0,MUNIR ,7.0
1799.0,MURPHY ,7.0
1799.0,NATHEN ,7.0
1799.0,NAVIN ,7.0
1799.0,NEAL ,7.0
1799.0,NIHAL ,7.0
1799.0,NIKLAS ,7.0
1799.0,NIKOLAI ,7.0
1799.0,NILS ,7.0
1799.0,NIRAJ ,7.0
1799.0,NIYAZ ,7.0
1799.0,OLUWAFEMI ,7.0
1799.0,OLUWASEYI ,7.0
1799.0,OMAIR ,7.0
1799.0,OSWALD ,7.0
1799.0,OWYN ,7.0
1799.0,OZ ,7.0
1799.0,PARAMVEER ,7.0
1799.0,PASCAL ,7.0
1799.0,PAVANDEEP ,7.0
1799.0,PHILIPP ,7.0
1799.0,PRABHJOT ,7.0
1799.0,PRAVIN ,7.0
1799.0,PREM ,7.0
1799.0,QAASIM ,7.0
1799.0,RAIS ,7.0
1799.0,RALF ,7.0
1799.0,RAMONE ,7.0
1799.0,RED ,7.0
1799.0,REED ,7.0
1799.0,REGINALD ,7.0
1799.0,REHMAN ,7.0
1799.0,REICE ,7.0
1799.0,RICCO ,7.0
1799.0,RIDWAAN ,7.0
1799.0,RIYAZ ,7.0
1799.0,RODRIGO ,7.0
1799.0,ROHAAN ,7.0
1799.0,ROHAIL ,7.0
1799.0,ROLAND ,7.0
1799.0,ROMERO ,7.0
1799.0,ROSHANE ,7.0
1799.0,RUARIDH ,7.0
1799.0,SAJJAD ,7.0
1799.0,SALEM ,7.0
1799.0,SALIH ,7.0
1799.0,SAQLAIN ,7.0
1799.0,SHAFIQ ,7.0
1799.0,SHAHZAIB ,7.0
1799.0,SHAIKH ,7.0
1799.0,SHERIDAN ,7.0
1799.0,SIMRAN ,7.0
1799.0,SOLOMAN ,7.0
1799.0,TAINE ,7.0
1799.0,TAVIS ,7.0
1799.0,TAWHID ,7.0
1799.0,TAYAB ,7.0
1799.0,TAYLA ,7.0
1799.0,TAYLAN ,7.0
1799.0,TAYYEB ,7.0
1799.0,TEE-JAY ,7.0
1799.0,TEJAS ,7.0
1799.0,THEODOR ,7.0
1799.0,TOBIE ,7.0
1799.0,TOBIN ,7.0
1799.0,TOMASZ ,7.0
1799.0,TRAE ,7.0
1799.0,UBAID ,7.0
1799.0,VALENTINE ,7.0
1799.0,VITO ,7.0
1799.0,WYN ,7.0
1799.0,YONIS ,7.0
1799.0,YOUCEF ,7.0
1799.0,YUNIS ,7.0
1799.0,ZAKARIYE ,7.0
1799.0,ZESHAAN ,7.0
1799.0,ZINEDINE ,7.0
2005.0,ABDUL-RAHMAN ,6.0
2005.0,ABDUR-RAHEEM ,6.0
2005.0,ABDURAHMAN ,6.0
2005.0,ABUBAKER ,6.0
2005.0,ADEEB ,6.0
2005.0,AJEET ,6.0
2005.0,ALLEN ,6.0
2005.0,ANES ,6.0
2005.0,ANOOP ,6.0
2005.0,ANUJ ,6.0
2005.0,ARIS ,6.0
2005.0,ARSHAD ,6.0
2005.0,ARWEL ,6.0
2005.0,ASHDON ,6.0
2005.0,ASHVIN ,6.0
2005.0,AVI ,6.0
2005.0,AYAZ ,6.0
2005.0,AYODELE ,6.0
2005.0,AZIM ,6.0
2005.0,BABY ,6.0
2005.0,BAILEIGH ,6.0
2005.0,BAILIE ,6.0
2005.0,BAYLEIGH ,6.0
2005.0,BECKHAM ,6.0
2005.0,BENJAMYN ,6.0
2005.0,BILLY-JOE ,6.0
2005.0,BOLUWATIFE ,6.0
2005.0,BRADLEIGH ,6.0
2005.0,BRAY ,6.0
2005.0,CAMDEN ,6.0
2005.0,CAOLAN ,6.0
2005.0,CASSIAN ,6.0
2005.0,CASSIDY ,6.0
2005.0,CHARLEE ,6.0
2005.0,CHARLY ,6.0
2005.0,CLINT ,6.0
2005.0,CODI ,6.0
2005.0,COREE ,6.0
2005.0,DAKOTA ,6.0
2005.0,DANI ,6.0
2005.0,DARAGH ,6.0
2005.0,DARIEN ,6.0
2005.0,DAVE ,6.0
2005.0,DEJON ,6.0
2005.0,DEMPSEY ,6.0
2005.0,DENIRO ,6.0
2005.0,DEVEN ,6.0
2005.0,DHIREN ,6.0
2005.0,DOVID ,6.0
2005.0,DWAINE ,6.0
2005.0,EARL ,6.0
2005.0,EDOARDO ,6.0
2005.0,EPHRAIM ,6.0
2005.0,ESHAAN ,6.0
2005.0,ESSA ,6.0
2005.0,ETHEN ,6.0
2005.0,FARHAD ,6.0
2005.0,FARUQ ,6.0
2005.0,FAYZAN ,6.0
2005.0,FELIPE ,6.0
2005.0,FINNBAR ,6.0
2005.0,FINNEGAN ,6.0
2005.0,FIRAS ,6.0
2005.0,FRANCO ,6.0
2005.0,FREDRIK ,6.0
2005.0,GINO ,6.0
2005.0,GRADY ,6.0
2005.0,GUSTAV ,6.0
2005.0,HADEN ,6.0
2005.0,HAMAS ,6.0
2005.0,HAMSA ,6.0
2005.0,HANNAN ,6.0
2005.0,HANZALAH ,6.0
2005.0,HARMAN ,6.0
2005.0,HARVEER ,6.0
2005.0,HASSAAN ,6.0
2005.0,HAYTHAM ,6.0
2005.0,HUDSON ,6.0
2005.0,HUGHIE ,6.0
2005.0,HUMPHREY ,6.0
2005.0,IBRAR ,6.0
2005.0,IKRAAM ,6.0
2005.0,ILYA ,6.0
2005.0,IMAM ,6.0
2005.0,INNES ,6.0
2005.0,IOANNIS ,6.0
2005.0,ISAAM ,6.0
2005.0,ISHRAQ ,6.0
2005.0,ISMA'EEL ,6.0
2005.0,IZAK ,6.0
2005.0,JABEZ ,6.0
2005.0,JAHMAL ,6.0
2005.0,JAHMAR ,6.0
2005.0,JAIDEV ,6.0
2005.0,JAMIELEE ,6.0
2005.0,JASPREET ,6.0
2005.0,JAVED ,6.0
2005.0,JAXSON ,6.0
2005.0,JEFF ,6.0
2005.0,JETT ,6.0
2005.0,JOHANNES ,6.0
2005.0,JORDI ,6.0
2005.0,JOSHUAH ,6.0
2005.0,JULIANO ,6.0
2005.0,KAIF ,6.0
2005.0,KALEN ,6.0
2005.0,KALIM ,6.0
2005.0,KAMARI ,6.0
2005.0,KARANVIR ,6.0
2005.0,KAYAN ,6.0
2005.0,KAZIM ,6.0
2005.0,KEEAN ,6.0
2005.0,KEIGAN ,6.0
2005.0,KELECHI ,6.0
2005.0,KENT ,6.0
2005.0,KHATEEB ,6.0
2005.0,KI ,6.0
2005.0,KIA ,6.0
2005.0,KIARAN ,6.0
2005.0,KIERNAN ,6.0
2005.0,KLEVIS ,6.0
2005.0,KORBYN ,6.0
2005.0,KORI ,6.0
2005.0,KRISHNA ,6.0
2005.0,KRISHNAN ,6.0
2005.0,KRISTEN ,6.0
2005.0,KUNAL ,6.0
2005.0,KWESI ,6.0
2005.0,LENNIE ,6.0
2005.0,LEWI ,6.0
2005.0,LINTON ,6.0
2005.0,LUAN ,6.0
2005.0,LUDOVIC ,6.0
2005.0,LYDON ,6.0
2005.0,MAKAI ,6.0
2005.0,MANPREET ,6.0
2005.0,MANUEL ,6.0
2005.0,MANVINDER ,6.0
2005.0,MASUD ,6.0
2005.0,MATIN ,6.0
2005.0,MATTY ,6.0
2005.0,MAXIMILIEN ,6.0
2005.0,MAXX ,6.0
2005.0,MAZEN ,6.0
2005.0,MIAN ,6.0
2005.0,MIHIR ,6.0
2005.0,MILLAN ,6.0
2005.0,MILLER ,6.0
2005.0,MINHAJ ,6.0
2005.0,MIRAJ ,6.0
2005.0,MOHAN ,6.0
2005.0,MOHMED ,6.0
2005.0,MOIN ,6.0
2005.0,MOISHE ,6.0
2005.0,MOMIN ,6.0
2005.0,MONTAGUE ,6.0
2005.0,MOUSSA ,6.0
2005.0,MUBASHIR ,6.0
2005.0,MUBEEN ,6.0
2005.0,MUNGO ,6.0
2005.0,MURAD ,6.0
2005.0,MUTASIM ,6.0
2005.0,MUZZAMMIL ,6.0
2005.0,NARAYAN ,6.0
2005.0,NASSIM ,6.0
2005.0,NASSIR ,6.0
2005.0,NIKITA ,6.0
2005.0,NIKOLA ,6.0
2005.0,NIMA ,6.0
2005.0,NYALL ,6.0
2005.0,OLUFEMI ,6.0
2005.0,ONKAR ,6.0
2005.0,OSKA ,6.0
2005.0,PADDY ,6.0
2005.0,PATRIK ,6.0
2005.0,PAWAN ,6.0
2005.0,PETAR ,6.0
2005.0,PRATHAM ,6.0
2005.0,RABBI ,6.0
2005.0,RADWAN ,6.0
2005.0,RAJPAL ,6.0
2005.0,RAMON ,6.0
2005.0,RAYON ,6.0
2005.0,REACE ,6.0
2005.0,REEVE ,6.0
2005.0,REO ,6.0
2005.0,RHETT ,6.0
2005.0,ROHIN ,6.0
2005.0,ROMAAN ,6.0
2005.0,RONAK ,6.0
2005.0,RONI ,6.0
2005.0,RUHAN ,6.0
2005.0,SAAHIL ,6.0
2005.0,SAAHIR ,6.0
2005.0,SAIFULLAH ,6.0
2005.0,SAJAD ,6.0
2005.0,SAKARIYE ,6.0
2005.0,SAMEE ,6.0
2005.0,SASHA ,6.0
2005.0,SEB ,6.0
2005.0,SELIM ,6.0
2005.0,SERHAT ,6.0
2005.0,SHAHBAZ ,6.0
2005.0,SHAKIB ,6.0
2005.0,SHAMIL ,6.0
2005.0,SHAYAAN ,6.0
2005.0,SHAYE ,6.0
2005.0,SHAZAD ,6.0
2005.0,SHAZAIB ,6.0
2005.0,SHIVEN ,6.0
2005.0,SHMUEL ,6.0
2005.0,SHOHAIB ,6.0
2005.0,SINAN ,6.0
2005.0,SIVAKUMAR ,6.0
2005.0,SUFIYAN ,6.0
2005.0,SUKHDEEP ,6.0
2005.0,SULAYMAAN ,6.0
2005.0,T ,6.0
2005.0,T. ,6.0
2005.0,TALON ,6.0
2005.0,TAMEEM ,6.0
2005.0,TAO ,6.0
2005.0,TAREQ ,6.0
2005.0,TARRAN ,6.0
2005.0,TASHAN ,6.0
2005.0,TEJ ,6.0
2005.0,THOR ,6.0
2005.0,TINOTENDA ,6.0
2005.0,TJ ,6.0
2005.0,TYNE ,6.0
2005.0,TYRECE ,6.0
2005.0,TYREE ,6.0
2005.0,TYRELLE ,6.0
2005.0,TYSON ,6.0
2005.0,UBAYD ,6.0
2005.0,VINESH ,6.0
2005.0,WALLACE ,6.0
2005.0,WILIAM ,6.0
2005.0,WILLOUGHBY ,6.0
2005.0,YACINE ,6.0
2005.0,YASSIN ,6.0
2005.0,YEHUDAH ,6.0
2005.0,YUKI ,6.0
2005.0,ZAKERY ,6.0
2005.0,ZAYYAN ,6.0
2005.0,ZEB ,6.0
2005.0,ZEBEDEE ,6.0
2005.0,ZIAD ,6.0
2005.0,ZUHAIR ,6.0
2254.0,ABDEL ,5.0
2254.0,ABDELRAHMAN ,5.0
2254.0,ABDIAZIZ ,5.0
2254.0,ABDINASIR ,5.0
2254.0,ABDIRAHIM ,5.0
2254.0,ABDOULIE ,5.0
2254.0,ABDULKADIR ,5.0
2254.0,ABDULLAAH ,5.0
2254.0,ABDULQADIR ,5.0
2254.0,ABIR ,5.0
2254.0,ABISHEK ,5.0
2254.0,ABRAR ,5.0
2254.0,ABSHIR ,5.0
2254.0,ADIN ,5.0
2254.0,ADONIS ,5.0
2254.0,ADRIANO ,5.0
2254.0,AFTAB ,5.0
2254.0,AINSLEY ,5.0
2254.0,AJANI ,5.0
2254.0,AJMAL ,5.0
2254.0,AKBAR ,5.0
2254.0,AKIL ,5.0
2254.0,AKMAL ,5.0
2254.0,ALBAN ,5.0
2254.0,ALBY ,5.0
2254.0,ALDO ,5.0
2254.0,ALFREDO ,5.0
2254.0,ALHAJI ,5.0
2254.0,ALLISTER ,5.0
2254.0,ALPHA ,5.0
2254.0,ALUN ,5.0
2254.0,AMINUR ,5.0
2254.0,AMRITPAL ,5.0
2254.0,ANDRI ,5.0
2254.0,ANGELOS ,5.0
2254.0,ANTONI ,5.0
2254.0,AQEEB ,5.0
2254.0,ARAM ,5.0
2254.0,ARBER ,5.0
2254.0,ARIN ,5.0
2254.0,ARMAND ,5.0
2254.0,ARRY ,5.0
2254.0,ASHAR ,5.0
2254.0,ASLAN ,5.0
2254.0,ATA ,5.0
2254.0,AUGUSTINE ,5.0
2254.0,AVRAHAM ,5.0
2254.0,AYAN ,5.0
2254.0,BARON ,5.0
2254.0,BARUCH ,5.0
2254.0,BEREN ,5.0
2254.0,BERZAN ,5.0
2254.0,BHAVESH ,5.0
2254.0,BLAIZE ,5.0
2254.0,BLAZE ,5.0
2254.0,BLU ,5.0
2254.0,BO ,5.0
2254.0,BOAZ ,5.0
2254.0,BORUCH ,5.0
2254.0,BOSTON ,5.0
2254.0,BRAIDEN ,5.0
2254.0,BRET ,5.0
2254.0,BYRAN ,5.0
2254.0,C ,5.0
2254.0,CALEN ,5.0
2254.0,CAM'RON ,5.0
2254.0,CAMREN ,5.0
2254.0,CASPIAN ,5.0
2254.0,CATHAL ,5.0
2254.0,CHARAN ,5.0
2254.0,CHARLTON ,5.0
2254.0,CHEY ,5.0
2254.0,CHIBUIKE ,5.0
2254.0,CHINEDU ,5.0
2254.0,CHRISTAN ,5.0
2254.0,CHRISTIE ,5.0
2254.0,CILLIAN ,5.0
2254.0,CLAUDIO ,5.0
2254.0,COBAN ,5.0
2254.0,CONNALL ,5.0
2254.0,CONSTANTINE ,5.0
2254.0,COREN ,5.0
2254.0,CORNELIUS ,5.0
2254.0,CRAWFORD ,5.0
2254.0,CY ,5.0
2254.0,CYNAN ,5.0
2254.0,CYRIL ,5.0
2254.0,DALEY ,5.0
2254.0,DANIYAAL ,5.0
2254.0,DAOUD ,5.0
2254.0,DARA ,5.0
2254.0,DARREL ,5.0
2254.0,DAWID ,5.0
2254.0,DAYTON ,5.0
2254.0,DEAKON ,5.0
2254.0,DEEGAN ,5.0
2254.0,DEJAUN ,5.0
2254.0,DERI ,5.0
2254.0,DERREN ,5.0
2254.0,DERYN ,5.0
2254.0,DESHAWN ,5.0
2254.0,DEVESH ,5.0
2254.0,DHANYAL ,5.0
2254.0,DHILAN ,5.0
2254.0,DIARMAID ,5.0
2254.0,DOLTON ,5.0
2254.0,DONAL ,5.0
2254.0,DOUGAL ,5.0
2254.0,DYFAN ,5.0
2254.0,EASHAN ,5.0
2254.0,EBAN ,5.0
2254.0,EBENEZER ,5.0
2254.0,EDDISON ,5.0
2254.0,EESAA ,5.0
2254.0,ELIAN ,5.0
2254.0,ELIEZER ,5.0
2254.0,EROL ,5.0
2254.0,FADI ,5.0
2254.0,FAIYAZ ,5.0
2254.0,FARES ,5.0
2254.0,FARREN ,5.0
2254.0,FEZAAN ,5.0
2254.0,FINAN ,5.0
2254.0,FINNEN ,5.0
2254.0,FIRAZ ,5.0
2254.0,FLINN ,5.0
2254.0,FUAD ,5.0
2254.0,FURKAN ,5.0
2254.0,FYNLEY ,5.0
2254.0,GARYN ,5.0
2254.0,GENE ,5.0
2254.0,GEORGIO ,5.0
2254.0,GERRARD ,5.0
2254.0,GOVIND ,5.0
2254.0,GUILHERME ,5.0
2254.0,GUILLAUME ,5.0
2254.0,GURDAS ,5.0
2254.0,GURDEV ,5.0
2254.0,GURJEET ,5.0
2254.0,GURJEEVAN ,5.0
2254.0,HALIL ,5.0
2254.0,HAN ,5.0
2254.0,HANAN ,5.0
2254.0,HARDEEP ,5.0
2254.0,HARISON ,5.0
2254.0,HARITH ,5.0
2254.0,HARJAN ,5.0
2254.0,HARJEEVAN ,5.0
2254.0,HARLAN ,5.0
2254.0,HARMEET ,5.0
2254.0,HAROUN ,5.0
2254.0,HARPER ,5.0
2254.0,HARSH ,5.0
2254.0,HARSIMRAN ,5.0
2254.0,HASHIR ,5.0
2254.0,HASIB ,5.0
2254.0,HASNAAT ,5.0
2254.0,HICHAM ,5.0
2254.0,HUBERT ,5.0
2254.0,HUMAYUN ,5.0
2254.0,HUNTER ,5.0
2254.0,HUSAIN ,5.0
2254.0,HUSAM ,5.0
2254.0,HUSSNAIN ,5.0
2254.0,IGOR ,5.0
2254.0,IHTISHAAM ,5.0
2254.0,IKECHUKWU ,5.0
2254.0,IMANI ,5.0
2254.0,IMTIAZ ,5.0
2254.0,INDY ,5.0
2254.0,IVOR ,5.0
2254.0,J ,5.0
2254.0,JAHED ,5.0
2254.0,JALEN ,5.0
2254.0,JAMAHL ,5.0
2254.0,JAY-JAY ,5.0
2254.0,JAYCE ,5.0
2254.0,JAZZ ,5.0
2254.0,JEAN- ,5.0
2254.0,JEAN-PAUL ,5.0
2254.0,JEAN-PIERRE ,5.0
2254.0,JEDIDIAH ,5.0
2254.0,JERICHO ,5.0
2254.0,JESHURUN ,5.0
2254.0,JEVAUGHN ,5.0
2254.0,JOCELYN ,5.0
2254.0,JON-PAUL ,5.0
2254.0,JOOLS ,5.0
2254.0,JUNED ,5.0
2254.0,KACPER ,5.0
2254.0,KADEEM ,5.0
2254.0,KAEL ,5.0
2254.0,KAIA ,5.0
2254.0,KAILEM ,5.0
2254.0,KAIRAN ,5.0
2254.0,KAIRO ,5.0
2254.0,KAIYA ,5.0
2254.0,KAL ,5.0
2254.0,KALAM ,5.0
2254.0,KALAN ,5.0
2254.0,KALON ,5.0
2254.0,KAMAAL ,5.0
2254.0,KAMAR ,5.0
2254.0,KARANVEER ,5.0
2254.0,KARTER ,5.0
2254.0,KAYLEN ,5.0
2254.0,KEGAN ,5.0
2254.0,KELSON ,5.0
2254.0,KEMAR ,5.0
2254.0,KEOWN ,5.0
2254.0,KESTON ,5.0
2254.0,KEVAN ,5.0
2254.0,KEYON ,5.0
2254.0,KHADAR ,5.0
2254.0,KHIAN ,5.0
2254.0,KHURAM ,5.0
2254.0,KION ,5.0
2254.0,KIYAN ,5.0
2254.0,KORBIN ,5.0
2254.0,KRYSTIAN ,5.0
2254.0,KURAN ,5.0
2254.0,KWAKU ,5.0
2254.0,KWASI ,5.0
2254.0,KWEKU ,5.0
2254.0,KY ,5.0
2254.0,KYAL ,5.0
2254.0,KYERON ,5.0
2254.0,KYI ,5.0
2254.0,KYNAN ,5.0
2254.0,KYRONE ,5.0
2254.0,LABIB ,5.0
2254.0,LARSSON ,5.0
2254.0,LEONE ,5.0
2254.0,LEONIDAS ,5.0
2254.0,LESTER ,5.0
2254.0,LUTHER ,5.0
2254.0,LYAM ,5.0
2254.0,LYNDEN ,5.0
2254.0,MAAZ ,5.0
2254.0,MACAULY ,5.0
2254.0,MACIEJ ,5.0
2254.0,MAHOMED ,5.0
2254.0,MANSOOR ,5.0
2254.0,MAREK ,5.0
2254.0,MARIOS ,5.0
2254.0,MATTHIEU ,5.0
2254.0,MATTIA ,5.0
2254.0,MAVERICK ,5.0
2254.0,MAYSON ,5.0
2254.0,MEHUL ,5.0
2254.0,MILOS ,5.0
2254.0,MOHAMOUD ,5.0
2254.0,MOHD ,5.0
2254.0,MOHSAN ,5.0
2254.0,MOIZ ,5.0
2254.0,MONTEL ,5.0
2254.0,MONTELL ,5.0
2254.0,MORGEN ,5.0
2254.0,MUBARIK ,5.0
2254.0,MUHMMAD ,5.0
2254.0,NAFTALI ,5.0
2254.0,NAHID ,5.0
2254.0,NAHIM ,5.0
2254.0,NATAN ,5.0
2254.0,NAZIM ,5.0
2254.0,NAZIR ,5.0
2254.0,NESTOR ,5.0
2254.0,NILES ,5.0
2254.0,NUMAAN ,5.0
2254.0,NUMAIR ,5.0
2254.0,OLIVIER ,5.0
2254.0,OLUWASEUN ,5.0
2254.0,OLUWATIMILEYIN ,5.0
2254.0,OM ,5.0
2254.0,OMID ,5.0
2254.0,OREOLUWA ,5.0
2254.0,ORRIN ,5.0
2254.0,PAPA ,5.0
2254.0,PARTH ,5.0
2254.0,PASQUALE ,5.0
2254.0,PERCY ,5.0
2254.0,PHILIPPE ,5.0
2254.0,PIOTR ,5.0
2254.0,PIRAN ,5.0
2254.0,PRASHANT ,5.0
2254.0,QAZI ,5.0
2254.0,RA'EES ,5.0
2254.0,RAHAT ,5.0
2254.0,RAIHAAN ,5.0
2254.0,RAJU ,5.0
2254.0,RAKIM ,5.0
2254.0,RAMSEY ,5.0
2254.0,RANVIR ,5.0
2254.0,RASHARN ,5.0
2254.0,REAF ,5.0
2254.0,REMELL ,5.0
2254.0,RHIAN ,5.0
2254.0,RHYSE ,5.0
2254.0,RIDLEY ,5.0
2254.0,RISHABH ,5.0
2254.0,RIYAN ,5.0
2254.0,ROMAIN ,5.0
2254.0,RON ,5.0
2254.0,ROURKE ,5.0
2254.0,RRON ,5.0
2254.0,RUSHIL ,5.0
2254.0,RYE ,5.0
2254.0,RYLIE ,5.0
2254.0,SAJJAN ,5.0
2254.0,SAMATAR ,5.0
2254.0,SAMER ,5.0
2254.0,SAMIE ,5.0
2254.0,SAMIN ,5.0
2254.0,SAMRAJ ,5.0
2254.0,SAMUELE ,5.0
2254.0,SARAN ,5.0
2254.0,SAYF ,5.0
2254.0,SENNEN ,5.0
2254.0,SEPEHR ,5.0
2254.0,SEYED ,5.0
2254.0,SHABAN ,5.0
2254.0,SHARIF ,5.0
2254.0,SHAYDEN ,5.0
2254.0,SHEM ,5.0
2254.0,SHEMAR ,5.0
2254.0,SHERWIN ,5.0
2254.0,SHREY ,5.0
2254.0,SHREYAS ,5.0
2254.0,SIRAAJ ,5.0
2254.0,SKY ,5.0
2254.0,SOHRAB ,5.0
2254.0,SOUL ,5.0
2254.0,STEFANOS ,5.0
2254.0,SUBER ,5.0
2254.0,SUJAN ,5.0
2254.0,SULAIMAAN ,5.0
2254.0,SULIMAN ,5.0
2254.0,SUNDEEP ,5.0
2254.0,TADGH ,5.0
2254.0,TAFADZWA ,5.0
2254.0,TAJINDER ,5.0
2254.0,TAKUMI ,5.0
2254.0,TALAL ,5.0
2254.0,TALYN ,5.0
2254.0,TATENDA ,5.0
2254.0,TAUSEEF ,5.0
2254.0,TAWHEED ,5.0
2254.0,TAYTE ,5.0
2254.0,TEJAN ,5.0
2254.0,THADDEUS ,5.0
2254.0,THEON ,5.0
2254.0,TIEN ,5.0
2254.0,TOMI ,5.0
2254.0,TREMAYNE ,5.0
2254.0,TYRIK ,5.0
2254.0,UBAIDULLAH ,5.0
2254.0,ULAS ,5.0
2254.0,UNAIS ,5.0
2254.0,UNAYS ,5.0
2254.0,URI ,5.0
2254.0,VERNON ,5.0
2254.0,VIKTOR ,5.0
2254.0,WARIS ,5.0
2254.0,WILFRID ,5.0
2254.0,WILLIS ,5.0
2254.0,YAASEEN ,5.0
2254.0,YANN ,5.0
2254.0,YANNICK ,5.0
2254.0,YAW ,5.0
2254.0,YEHOSHUA ,5.0
2254.0,YIANNIS ,5.0
2254.0,YING ,5.0
2254.0,YOUNIS ,5.0
2254.0,YURI ,5.0
2254.0,ZAFRAN ,5.0
2254.0,ZAINUL ,5.0
2254.0,ZEPHANIAH ,5.0
2254.0,ZIDAN ,5.0
2254.0,ZIGGY ,5.0
2254.0,ZUBAYR ,5.0
2254.0,ZUHAYR ,5.0
2254.0,ZULQARNAIN ,5.0
2636.0,A-JAY ,4.0
2636.0,AAMER ,4.0
2636.0,AARONDEEP ,4.0
2636.0,AATIF ,4.0
2636.0,AAYUSH ,4.0
2636.0,ABAS ,4.0
2636.0,ABBAAS ,4.0
2636.0,ABDALLA ,4.0
2636.0,ABDOU ,4.0
2636.0,ABDUL- ,4.0
2636.0,ABDUL-RAHEEM ,4.0
2636.0,ABDULAZEEZ ,4.0
2636.0,ABDULMALIK ,4.0
2636.0,ABDULRAHEEM ,4.0
2636.0,ABDUR-RAHMAAN ,4.0
2636.0,ABHINAV ,4.0
2636.0,ABIDUR ,4.0
2636.0,ABRAAR ,4.0
2636.0,ABUKAR ,4.0
2636.0,ACE ,4.0
2636.0,ADAAM ,4.0
2636.0,ADEDAMOLA ,4.0
2636.0,ADEDAYO ,4.0
2636.0,ADEMOLA ,4.0
2636.0,ADIT ,4.0
2636.0,ADRIEL ,4.0
2636.0,AHARON ,4.0
2636.0,AHMAR ,4.0
2636.0,AHNAF ,4.0
2636.0,AHREN ,4.0
2636.0,AIMAN ,4.0
2636.0,AJ ,4.0
2636.0,AKIB ,4.0
2636.0,AKIF ,4.0
2636.0,ALAND ,4.0
2636.0,ALBIN ,4.0
2636.0,ALDEN ,4.0
2636.0,ALEKSI ,4.0
2636.0,ALEXANDRU ,4.0
2636.0,ALEXEY ,4.0
2636.0,ALEXI ,4.0
2636.0,ALFI ,4.0
2636.0,ALIEU ,4.0
2636.0,ALISDAIR ,4.0
2636.0,ALIYAN ,4.0
2636.0,ALON ,4.0
2636.0,ALTIN ,4.0
2636.0,ALWYN ,4.0
2636.0,AMARNI ,4.0
2636.0,AMJAD ,4.0
2636.0,ANAY ,4.0
2636.0,ANDREJ ,4.0
2636.0,ANDREY ,4.0
2636.0,ANEEQ ,4.0
2636.0,ANKIT ,4.0
2636.0,ANSHUL ,4.0
2636.0,ANSON ,4.0
2636.0,ARANDEEP ,4.0
2636.0,ARCHY ,4.0
2636.0,ARDIT ,4.0
2636.0,ARGJENT ,4.0
2636.0,ARIA ,4.0
2636.0,ARIFUL ,4.0
2636.0,ARLIND ,4.0
2636.0,ARMIN ,4.0
2636.0,ART ,4.0
2636.0,ARTIN ,4.0
2636.0,ARUNDEEP ,4.0
2636.0,ASHIR ,4.0
2636.0,ASHISH ,4.0
2636.0,ASHUR ,4.0
2636.0,ASSEM ,4.0
2636.0,ASTIN ,4.0
2636.0,ASWIN ,4.0
2636.0,ATEEQ ,4.0
2636.0,AUM ,4.0
2636.0,AVIGDOR ,4.0
2636.0,AVROHOM ,4.0
2636.0,AYDON ,4.0
2636.0,AYOMIKUN ,4.0
2636.0,AYYUB ,4.0
2636.0,AZAD ,4.0
2636.0,AZIZ ,4.0
2636.0,BADEN ,4.0
2636.0,BADR ,4.0
2636.0,BAILY ,4.0
2636.0,BAPTISTE ,4.0
2636.0,BARTHOLOMEW ,4.0
2636.0,BASHIR ,4.0
2636.0,BATUHAN ,4.0
2636.0,BEDWYR ,4.0
2636.0,BENJIMAN ,4.0
2636.0,BENNY ,4.0
2636.0,BENTLEY ,4.0
2636.0,BERDAN ,4.0
2636.0,BERNIE ,4.0
2636.0,BERT ,4.0
2636.0,BERTAN ,4.0
2636.0,BHAVAN ,4.0
2636.0,BHAVIK ,4.0
2636.0,BINYAMEEN ,4.0
2636.0,BLADEN ,4.0
2636.0,BLAIN ,4.0
2636.0,BLEDDYN ,4.0
2636.0,BLESSING ,4.0
2636.0,BOBBIE ,4.0
2636.0,BODHI ,4.0
2636.0,BORA ,4.0
2636.0,BOYD ,4.0
2636.0,BRIGHT ,4.0
2636.0,BRIJESH ,4.0
2636.0,BRINLEY ,4.0
2636.0,BRONSON ,4.0
2636.0,BURHAAN ,4.0
2636.0,CADELL ,4.0
2636.0,CAILAN ,4.0
2636.0,CAIO ,4.0
2636.0,CAIRAN ,4.0
2636.0,CALAN ,4.0
2636.0,CAMBELL ,4.0
2636.0,CAMILO ,4.0
2636.0,CANER ,4.0
2636.0,CARLIN ,4.0
2636.0,CAYDEN ,4.0
2636.0,CAYLEM ,4.0
2636.0,CEDRIC ,4.0
2636.0,CENGIZ ,4.0
2636.0,CEYHUN ,4.0
2636.0,CHAE ,4.0
2636.0,CIAREN ,4.0
2636.0,CLARENCE ,4.0
2636.0,COBAIN ,4.0
2636.0,COBIE ,4.0
2636.0,CONNAR ,4.0
2636.0,CONSTANTINOS ,4.0
2636.0,CORBY ,4.0
2636.0,CORDELL ,4.0
2636.0,CRISTIANO ,4.0
2636.0,CUBA ,4.0
2636.0,DAGAN ,4.0
2636.0,DAMILOLA ,4.0
2636.0,DANESH ,4.0
2636.0,DANILO ,4.0
2636.0,DARYLL ,4.0
2636.0,DAVANTE ,4.0
2636.0,DAVIE ,4.0
2636.0,DAWOUD ,4.0
2636.0,DECLYN ,4.0
2636.0,DEIAN ,4.0
2636.0,DEJAN ,4.0
2636.0,DELVIN ,4.0
2636.0,DEONDRE ,4.0
2636.0,DERON ,4.0
2636.0,DESHAUN ,4.0
2636.0,DEVONTAY ,4.0
2636.0,DIMITRIOS ,4.0
2636.0,DOGAN ,4.0
2636.0,DOMENICO ,4.0
2636.0,DORAN ,4.0
2636.0,DOUGIE ,4.0
2636.0,DRAY ,4.0
2636.0,DWIGHT ,4.0
2636.0,DYLAN-JAMES ,4.0
2636.0,EDIZ ,4.0
2636.0,EGAN ,4.0
2636.0,EHSAAN ,4.0
2636.0,EHSEN ,4.0
2636.0,EITHAN ,4.0
2636.0,EJAZ ,4.0
2636.0,ELGAN ,4.0
2636.0,ELIO ,4.0
2636.0,EMAD ,4.0
2636.0,EMRYS ,4.0
2636.0,ENDRI ,4.0
2636.0,ENDRIT ,4.0
2636.0,ERDEM ,4.0
2636.0,ERION ,4.0
2636.0,ERROL ,4.0
2636.0,ESAH ,4.0
2636.0,ESMOND ,4.0
2636.0,FADIL ,4.0
2636.0,FAIQ ,4.0
2636.0,FARDIN ,4.0
2636.0,FARRON ,4.0
2636.0,FAWAD ,4.0
2636.0,FAYYAZ ,4.0
2636.0,FILIPPO ,4.0
2636.0,FINBARR ,4.0
2636.0,FIRAT ,4.0
2636.0,FLAVIO ,4.0
2636.0,FLYN ,4.0
2636.0,FORD ,4.0
2636.0,FORREST ,4.0
2636.0,FRANCOIS ,4.0
2636.0,FRAZIER ,4.0
2636.0,GABE ,4.0
2636.0,GABRIELE ,4.0
2636.0,GAIGE ,4.0
2636.0,GARRICK ,4.0
2636.0,GARTH ,4.0
2636.0,GIBRIL ,4.0
2636.0,GILBERT ,4.0
2636.0,GIULIO ,4.0
2636.0,GLYNN ,4.0
2636.0,GODWIN ,4.0
2636.0,GOKHAN ,4.0
2636.0,GORAN ,4.0
2636.0,GRAEME ,4.0
2636.0,GRANIT ,4.0
2636.0,GREGG ,4.0
2636.0,GUISEPPE ,4.0
2636.0,GURPREET ,4.0
2636.0,GURRAJ ,4.0
2636.0,GUSTAVO ,4.0
2636.0,GWYDION ,4.0
2636.0,GWYN ,4.0
2636.0,HAFEEZ ,4.0
2636.0,HALIM ,4.0
2636.0,HAMED ,4.0
2636.0,HANI ,4.0
2636.0,HANNES ,4.0
2636.0,HANS ,4.0
2636.0,HARDY ,4.0
2636.0,HAREES ,4.0
2636.0,HARLAND ,4.0
2636.0,HARON ,4.0
2636.0,HARPAL ,4.0
2636.0,HARRIE ,4.0
2636.0,HARRISH ,4.0
2636.0,HARVIN ,4.0
2636.0,HAYYAN ,4.0
2636.0,HAZIQ ,4.0
2636.0,HEFIN ,4.0
2636.0,HENOC ,4.0
2636.0,HENRIK ,4.0
2636.0,HERB ,4.0
2636.0,HIREN ,4.0
2636.0,HUMAID ,4.0
2636.0,HUSSAM ,4.0
2636.0,HUSSAN ,4.0
2636.0,HUXLEY ,4.0
2636.0,HUZAYFAH ,4.0
2636.0,IANTO ,4.0
2636.0,IDIRIS ,4.0
2636.0,IFEANYICHUKWU ,4.0
2636.0,IFTIKHAR ,4.0
2636.0,IJAZ ,4.0
2636.0,IKENNA ,4.0
2636.0,ILAN ,4.0
2636.0,IMTIYAZ ,4.0
2636.0,INDERPAL ,4.0
2636.0,ION ,4.0
2636.0,IRFAAN ,4.0
2636.0,IRSHAAD ,4.0
2636.0,ISAAQ ,4.0
2636.0,ISAK ,4.0
2636.0,ISHAR ,4.0
2636.0,ISLAM ,4.0
2636.0,ISMA'IL ,4.0
2636.0,IZAIAH ,4.0
2636.0,JABER ,4.0
2636.0,JACKIE ,4.0
2636.0,JAD ,4.0
2636.0,JADYN ,4.0
2636.0,JAEDAN ,4.0
2636.0,JAEDON ,4.0
2636.0,JAGDEEP ,4.0
2636.0,JAIMIN ,4.0
2636.0,JAKK ,4.0
2636.0,JALAL ,4.0
2636.0,JAMALL ,4.0
2636.0,JAMESON ,4.0
2636.0,JANNAI ,4.0
2636.0,JARON ,4.0
2636.0,JAVELL ,4.0
2636.0,JAVON ,4.0
2636.0,JEDIAH ,4.0
2636.0,JEFFERY ,4.0
2636.0,JELANI ,4.0
2636.0,JESPER ,4.0
2636.0,JESS ,4.0
2636.0,JOAB ,4.0
2636.0,JOASH ,4.0
2636.0,JOHANN ,4.0
2636.0,JOHNNIE ,4.0
2636.0,JOSUE ,4.0
2636.0,JUBAIR ,4.0
2636.0,JUDD ,4.0
2636.0,JULIEN ,4.0
2636.0,JUSTYN ,4.0
2636.0,JYE ,4.0
2636.0,KABEER ,4.0
2636.0,KAELUM ,4.0
2636.0,KAIE ,4.0
2636.0,KAIUS ,4.0
2636.0,KALID ,4.0
2636.0,KAMARNI ,4.0
2636.0,KAMERAN ,4.0
2636.0,KARANDEEP ,4.0
2636.0,KARUN ,4.0
2636.0,KASHEF ,4.0
2636.0,KASPAR ,4.0
2636.0,KAVISH ,4.0
2636.0,KEATAN ,4.0
2636.0,KEIL ,4.0
2636.0,KELBY ,4.0
2636.0,KELLAN ,4.0
2636.0,KELTON ,4.0
2636.0,KENDALL ,4.0
2636.0,KERN ,4.0
2636.0,KERON ,4.0
2636.0,KES ,4.0
2636.0,KESTER ,4.0
2636.0,KEWELL ,4.0
2636.0,KHALIFA ,4.0
2636.0,KHAWAJA ,4.0
2636.0,KHI ,4.0
2636.0,KHURRAM ,4.0
2636.0,KIEL ,4.0
2636.0,KIPP ,4.0
2636.0,KIREN ,4.0
2636.0,KISHEN ,4.0
2636.0,KOBEN ,4.0
2636.0,KOBEY ,4.0
2636.0,KOLE ,4.0
2636.0,KONNER ,4.0
2636.0,KRAY ,4.0
2636.0,KRISHI ,4.0
2636.0,KRISTAN ,4.0
2636.0,KRISTIAAN ,4.0
2636.0,KRISTOFER ,4.0
2636.0,KWADWO ,4.0
2636.0,KYREECE ,4.0
2636.0,KYRELL ,4.0
2636.0,KYRIACOS ,4.0
2636.0,LADISLAV ,4.0
2636.0,LAQUAN ,4.0
2636.0,LATRELL ,4.0
2636.0,LAURENT ,4.0
2636.0,LEIF ,4.0
2636.0,LEITH ,4.0
2636.0,LEOPOLD ,4.0
2636.0,LEVAN ,4.0
2636.0,LEWIN ,4.0
2636.0,LIIBAN ,4.0
2636.0,LLIFON ,4.0
2636.0,LOKI ,4.0
2636.0,LORIS ,4.0
2636.0,LOTFI ,4.0
2636.0,LUKMAAN ,4.0
2636.0,LUKMAN ,4.0
2636.0,MADHAV ,4.0
2636.0,MADISON ,4.0
2636.0,MAHINUR ,4.0
2636.0,MAHIRUL ,4.0
2636.0,MAKENZIE ,4.0
2636.0,MAN ,4.0
2636.0,MANI ,4.0
2636.0,MANJOT ,4.0
2636.0,MANNY ,4.0
2636.0,MANSOUR ,4.0
2636.0,MARKOS ,4.0
2636.0,MARLIE ,4.0
2636.0,MARLOW ,4.0
2636.0,MARNI ,4.0
2636.0,MASSIMILIANO ,4.0
2636.0,MATEEN ,4.0
2636.0,MATEUSZ ,4.0
2636.0,MATHIS ,4.0
2636.0,MATTIS ,4.0
2636.0,MAXIMO ,4.0
2636.0,MAZHAR ,4.0
2636.0,MIKAEEL ,4.0
2636.0,MIKKEL ,4.0
2636.0,MIROSLAV ,4.0
2636.0,MOHAMMUD ,4.0
2636.0,MOHAMUD ,4.0
2636.0,MOHID ,4.0
2636.0,MOSTAFA ,4.0
2636.0,MOURAD ,4.0
2636.0,MUBASHAR ,4.0
2636.0,MUBIN ,4.0
2636.0,MUHANNAD ,4.0
2636.0,MUNASHE ,4.0
2636.0,MUSTAFAA ,4.0
2636.0,NAFIS ,4.0
2636.0,NAFTOLI ,4.0
2636.0,NAHIAN ,4.0
2636.0,NAQEEB ,4.0
2636.0,NASEER ,4.0
2636.0,NASH ,4.0
2636.0,NASIF ,4.0
2636.0,NAVID ,4.0
2636.0,NAYEEM ,4.0
2636.0,NEVAN ,4.0
2636.0,NEVILLE ,4.0
2636.0,NIAZ ,4.0
2636.0,NIELS ,4.0
2636.0,NII ,4.0
2636.0,NILESH ,4.0
2636.0,NINO ,4.0
2636.0,NIROSHAN ,4.0
2636.0,NIRUJAN ,4.0
2636.0,NOA ,4.0
2636.0,NOAM ,4.0
2636.0,NOLAN ,4.0
2636.0,NOMAN ,4.0
2636.0,NUNO ,4.0
2636.0,OBED ,4.0
2636.0,OCEAN ,4.0
2636.0,OLUWASEGUN ,4.0
2636.0,OLUWATOSIN ,4.0
2636.0,OMAN ,4.0
2636.0,ORRAN ,4.0
2636.0,OSHER ,4.0
2636.0,OSSIAN ,4.0
2636.0,OTHMAN ,4.0
2636.0,OWAN ,4.0
2636.0,OZGUR ,4.0
2636.0,PAISLEY ,4.0
2636.0,PARDEEP ,4.0
2636.0,PAVLOS ,4.0
2636.0,PHARRELL ,4.0
2636.0,PHIL ,4.0
2636.0,PRANAY ,4.0
2636.0,PRITESH ,4.0
2636.0,PUNEET ,4.0
2636.0,QAYS ,4.0
2636.0,RAHEIM ,4.0
2636.0,RAHMAN ,4.0
2636.0,RAIF ,4.0
2636.0,RAJEEV ,4.0
2636.0,RAKEEM ,4.0
2636.0,RAMI ,4.0
2636.0,RAMIN ,4.0
2636.0,RAMZAN ,4.0
2636.0,RAMZI ,4.0
2636.0,RANDY ,4.0
2636.0,RASHAAN ,4.0
2636.0,RAYNE ,4.0
2636.0,REEVES ,4.0
2636.0,REIF ,4.0
2636.0,RHYCE ,4.0
2636.0,RIAD ,4.0
2636.0,RICKI ,4.0
2636.0,RIDA ,4.0
2636.0,RIDHWAAN ,4.0
2636.0,RISHAB ,4.0
2636.0,RITHIK ,4.0
2636.0,RIVALDO ,4.0
2636.0,RIZA ,4.0
2636.0,ROCK ,4.0
2636.0,ROGAN ,4.0
2636.0,ROLLO ,4.0
2636.0,ROMELL ,4.0
2636.0,ROMELLO ,4.0
2636.0,ROYSTON ,4.0
2636.0,RUBIN ,4.0
2636.0,RUDOLPH ,4.0
2636.0,RUSSEL ,4.0
2636.0,RYAAN ,4.0
2636.0,RYLEIGH ,4.0
2636.0,RYO ,4.0
2636.0,SA'AD ,4.0
2636.0,SAABIR ,4.0
2636.0,SAAJAN ,4.0
2636.0,SABIAN ,4.0
2636.0,SAFYAN ,4.0
2636.0,SAGAR ,4.0
2636.0,SAHID ,4.0
2636.0,SAHIR ,4.0
2636.0,SAMY ,4.0
2636.0,SARDAR ,4.0
2636.0,SARIM ,4.0
2636.0,SARMAD ,4.0
2636.0,SASCHA ,4.0
2636.0,SATNAM ,4.0
2636.0,SAUD ,4.0
2636.0,SAURAV ,4.0
2636.0,SAYYED ,4.0
2636.0,SAYYID ,4.0
2636.0,SCOT ,4.0
2636.0,SEBASTIAAN ,4.0
2636.0,SEIF ,4.0
2636.0,SELWYN ,4.0
2636.0,SERGE ,4.0
2636.0,SERKAN ,4.0
2636.0,SHABBIR ,4.0
2636.0,SHAHEED ,4.0
2636.0,SHAHRIYAR ,4.0
2636.0,SHAHRUKH ,4.0
2636.0,SHAKEEM ,4.0
2636.0,SHAKIEL ,4.0
2636.0,SHAM ,4.0
2636.0,SHAMAS ,4.0
2636.0,SHARAF ,4.0
2636.0,SHARAZ ,4.0
2636.0,SHERAZ ,4.0
2636.0,SHIRAZ ,4.0
2636.0,SHIVAN ,4.0
2636.0,SHIVRAJ ,4.0
2636.0,SHNEUR ,4.0
2636.0,SIKANDAR ,4.0
2636.0,SIMAO ,4.0
2636.0,SIMCHA ,4.0
2636.0,SIU ,4.0
2636.0,SOFIANE ,4.0
2636.0,SRIRAM ,4.0
2636.0,STAVROS ,4.0
2636.0,SUDAIS ,4.0
2636.0,SUFIYAAN ,4.0
2636.0,SUMEET ,4.0
2636.0,SYLVESTER ,4.0
2636.0,SYRUS ,4.0
2636.0,TADIWA ,4.0
2636.0,TAHMIDUL ,4.0
2636.0,TAILOR ,4.0
2636.0,TAIT ,4.0
2636.0,TAL ,4.0
2636.0,TAMJID ,4.0
2636.0,TANAKA ,4.0
2636.0,TARIQUE ,4.0
2636.0,TARON ,4.0
2636.0,TARRON ,4.0
2636.0,TARYN ,4.0
2636.0,TAYLOR-JAMES ,4.0
2636.0,TAYLOR-JAY ,4.0
2636.0,TEAL ,4.0
2636.0,TEDDIE ,4.0
2636.0,TEGAN ,4.0
2636.0,THARUN ,4.0
2636.0,THE ,4.0
2636.0,THEODOROS ,4.0
2636.0,TIAN ,4.0
2636.0,TIARNAN ,4.0
2636.0,TIMUR ,4.0
2636.0,TITO ,4.0
2636.0,TITUS ,4.0
2636.0,TJAY ,4.0
2636.0,TOHEED ,4.0
2636.0,TOLUWALASE ,4.0
2636.0,TOLUWANI ,4.0
2636.0,TOMEK ,4.0
2636.0,TONI ,4.0
2636.0,TOR ,4.0
2636.0,TORBEN ,4.0
2636.0,TRISTIN ,4.0
2636.0,TRUMAN ,4.0
2636.0,TYLAR ,4.0
2636.0,TYLER-JAMES ,4.0
2636.0,TYLER-JAY ,4.0
2636.0,TYLER-LEE ,4.0
2636.0,TYRESSE ,4.0
2636.0,TYRHYS ,4.0
2636.0,TYRRELL ,4.0
2636.0,TZVI ,4.0
2636.0,UBAYDULLAH ,4.0
2636.0,UMAAN ,4.0
2636.0,USAMA ,4.0
2636.0,UTHMAAN ,4.0
2636.0,VASILIS ,4.0
2636.0,VERON ,4.0
2636.0,VINCE ,4.0
2636.0,VINNI ,4.0
2636.0,WAHEED ,4.0
2636.0,WAJID ,4.0
2636.0,XANE ,4.0
2636.0,YAMEEN ,4.0
2636.0,YANIS ,4.0
2636.0,YASER ,4.0
2636.0,YIANNI ,4.0
2636.0,YONATAN ,4.0
2636.0,YUSIF ,4.0
2636.0,YVES ,4.0
2636.0,ZAAKIR ,4.0
2636.0,ZAEEM ,4.0
2636.0,ZAFIR ,4.0
2636.0,ZAKARI ,4.0
2636.0,ZAMEER ,4.0
2636.0,ZAYAN ,4.0
2636.0,ZED ,4.0
2636.0,ZEKE ,4.0
2636.0,ZENON ,4.0
2636.0,ZEV ,4.0
2636.0,ZHEN ,4.0
2636.0,ZISHAAN ,4.0
2636.0,ZIYAAD ,4.0
2636.0,ZUHAIB ,4.0
2636.0,ZURIEL ,4.0
3225.0,AARUN ,3.0
3225.0,AASIF ,3.0
3225.0,ABAAN ,3.0
3225.0,ABDILLAHI ,3.0
3225.0,ABDIMALIK ,3.0
3225.0,ABDIRIZAK ,3.0
3225.0,ABDULKARIM ,3.0
3225.0,ABDULMAJEED ,3.0
3225.0,ABDUS ,3.0
3225.0,ABE ,3.0
3225.0,ABED ,3.0
3225.0,ABHIJIT ,3.0
3225.0,ABISHAN ,3.0
3225.0,ACER ,3.0
3225.0,ACKEEM ,3.0
3225.0,ADARSH ,3.0
3225.0,ADEDEJI ,3.0
3225.0,ADEOLUWA ,3.0
3225.0,ADI ,3.0
3225.0,ADIE ,3.0
3225.0,ADLANE ,3.0
3225.0,ADONIJAH ,3.0
3225.0,ADYAN ,3.0
3225.0,AFFAAN ,3.0
3225.0,AFNAN ,3.0
3225.0,AFZAL ,3.0
3225.0,AGON ,3.0
3225.0,AGUSTIN ,3.0
3225.0,AIRON ,3.0
3225.0,AJANTHAN ,3.0
3225.0,AJWAD ,3.0
3225.0,AKASHDEEP ,3.0
3225.0,AKBER ,3.0
3225.0,AKHEEL ,3.0
3225.0,AKIN ,3.0
3225.0,AKSHAT ,3.0
3225.0,AL-AMIN ,3.0
3225.0,ALBION ,3.0
3225.0,ALDIN ,3.0
3225.0,ALEKSA ,3.0
3225.0,ALEN ,3.0
3225.0,ALEXANDA ,3.0
3225.0,ALFY ,3.0
3225.0,ALGERNON ,3.0
3225.0,ALI-RAZA ,3.0
3225.0,ALICK ,3.0
3225.0,ALIJAH ,3.0
3225.0,ALIOUNE ,3.0
3225.0,ALLY ,3.0
3225.0,ALPER ,3.0
3225.0,ALTON ,3.0
3225.0,ALYAAN ,3.0
3225.0,AMAD ,3.0
3225.0,AMANI ,3.0
3225.0,AMARA ,3.0
3225.0,AMIIR ,3.0
3225.0,AMON ,3.0
3225.0,AMRAIZ ,3.0
3225.0,AMRIK ,3.0
3225.0,ANAKIN ,3.0
3225.0,ANEEL ,3.0
3225.0,ANEESH ,3.0
3225.0,ANESU ,3.0
3225.0,ANGE ,3.0
3225.0,ANIRUDH ,3.0
3225.0,ANSH ,3.0
3225.0,ARAFAT ,3.0
3225.0,ARASH ,3.0
3225.0,ARBAZ ,3.0
3225.0,ARDEN ,3.0
3225.0,ARDI ,3.0
3225.0,ARFAN ,3.0
3225.0,ARHAM ,3.0
3225.0,ARIEL ,3.0
3225.0,ARLEN ,3.0
3225.0,ARSLAAN ,3.0
3225.0,ARTUR ,3.0
3225.0,ARTURO ,3.0
3225.0,ARUNVEER ,3.0
3225.0,ARYEH ,3.0
3225.0,ASAN ,3.0
3225.0,ASHA ,3.0
3225.0,ASHARN ,3.0
3225.0,ASHLIE ,3.0
3225.0,ASHLIN ,3.0
3225.0,ASIL ,3.0
3225.0,ASSAD ,3.0
3225.0,ATEEB ,3.0
3225.0,ATLEY ,3.0
3225.0,ATTICUS ,3.0
3225.0,AUGUSTE ,3.0
3225.0,AURYN ,3.0
3225.0,AUZAIR ,3.0
3225.0,AVIRAJ ,3.0
3225.0,AVRAJ ,3.0
3225.0,AVROHAM ,3.0
3225.0,AYODEJI ,3.0
3225.0,AYOTUNDE ,3.0
3225.0,BADAL ,3.0
3225.0,BARNES ,3.0
3225.0,BARNIE ,3.0
3225.0,BARRINGTON ,3.0
3225.0,BAYRAM ,3.0
3225.0,BECKS ,3.0
3225.0,BEDRAN ,3.0
3225.0,BELAL ,3.0
3225.0,BENIAH ,3.0
3225.0,BENJAMEN ,3.0
3225.0,BENJAMINE ,3.0
3225.0,BENOIT ,3.0
3225.0,BENYAMIN ,3.0
3225.0,BERES ,3.0
3225.0,BERK ,3.0
3225.0,BERTRAND ,3.0
3225.0,BHARAT ,3.0
3225.0,BHAVIN ,3.0
3225.0,BILLY-JAY ,3.0
3225.0,BILLYLEE ,3.0
3225.0,BINYAMIN ,3.0
3225.0,BLAIR ,3.0
3225.0,BLAYN ,3.0
3225.0,BLERTON ,3.0
3225.0,BODEN ,3.0
3225.0,BODIE ,3.0
3225.0,BONO ,3.0
3225.0,BORAN ,3.0
3225.0,BOWEN ,3.0
3225.0,BRAEDON ,3.0
3225.0,BRAN ,3.0
3225.0,BRANDO ,3.0
3225.0,BRANON ,3.0
3225.0,BRENDAN-LEE ,3.0
3225.0,BRENNON ,3.0
3225.0,BRIN ,3.0
3225.0,BRODI ,3.0
3225.0,BRUIN ,3.0
3225.0,BRYNLEY ,3.0
3225.0,CAILUM ,3.0
3225.0,CAIRON ,3.0
3225.0,CALAM ,3.0
3225.0,CALLEN ,3.0
3225.0,CALOGERO ,3.0
3225.0,CALVYN ,3.0
3225.0,CAMARAN ,3.0
3225.0,CANAAN ,3.0
3225.0,CANE ,3.0
3225.0,CARLITO ,3.0
3225.0,CARN ,3.0
3225.0,CARVER ,3.0
3225.0,CELLAN ,3.0
3225.0,CELT ,3.0
3225.0,CELTON ,3.0
3225.0,CHADWICK ,3.0
3225.0,CHANG ,3.0
3225.0,CHARBEL ,3.0
3225.0,CHARLI ,3.0
3225.0,CHAUDHARY ,3.0
3225.0,CHAUDHRY ,3.0
3225.0,CHAYSE ,3.0
3225.0,CHAZ ,3.0
3225.0,CHEIKH ,3.0
3225.0,CHIDERA ,3.0
3225.0,CHIDI ,3.0
3225.0,CHOUDHRY ,3.0
3225.0,CHRIST ,3.0
3225.0,CHUKWUMA ,3.0
3225.0,CHUN ,3.0
3225.0,CLEM ,3.0
3225.0,CLIFFORD ,3.0
3225.0,COBEN ,3.0
3225.0,COBEY ,3.0
3225.0,COEL ,3.0
3225.0,COEN ,3.0
3225.0,COLEBY ,3.0
3225.0,COLTON ,3.0
3225.0,CONAH ,3.0
3225.0,CONRAN ,3.0
3225.0,CORAN ,3.0
3225.0,CORLEY ,3.0
3225.0,CORRAN ,3.0
3225.0,CORREY ,3.0
3225.0,COSTAS ,3.0
3225.0,COWAN ,3.0
3225.0,CREE ,3.0
3225.0,CULLUM ,3.0
3225.0,CURT ,3.0
3225.0,DAHA ,3.0
3225.0,DAHIR ,3.0
3225.0,DAIM ,3.0
3225.0,DAINE ,3.0
3225.0,DALLAS ,3.0
3225.0,DALVINDER ,3.0
3225.0,DAMAN ,3.0
3225.0,DANANN ,3.0
3225.0,DANNISH ,3.0
3225.0,DANNYLEE ,3.0
3225.0,DARELL ,3.0
3225.0,DARIN ,3.0
3225.0,DARRIN ,3.0
3225.0,DARSH ,3.0
3225.0,DASHIELL ,3.0
3225.0,DAVIAN ,3.0
3225.0,DAYLAN ,3.0
3225.0,DAYLE ,3.0
3225.0,DE ,3.0
3225.0,DEAGLAN ,3.0
3225.0,DECLEN ,3.0
3225.0,DEIO ,3.0
3225.0,DEIVIDAS ,3.0
3225.0,DEJEAN ,3.0
3225.0,DELANEY ,3.0
3225.0,DEMETRIOS ,3.0
3225.0,DEMITRI ,3.0
3225.0,DENILSON ,3.0
3225.0,DENUM ,3.0
3225.0,DESEAN ,3.0
3225.0,DEVRAJ ,3.0
3225.0,DEVYN ,3.0
3225.0,DEX ,3.0
3225.0,DHANESH ,3.0
3225.0,DHANYAAL ,3.0
3225.0,DHIAN ,3.0
3225.0,DHRU ,3.0
3225.0,DHYLAN ,3.0
3225.0,DIDIER ,3.0
3225.0,DIESEL ,3.0
3225.0,DIJON ,3.0
3225.0,DILLEN ,3.0
3225.0,DIMITRIS ,3.0
3225.0,DINESH ,3.0
3225.0,DIOR ,3.0
3225.0,DIVYESH ,3.0
3225.0,DONNIE ,3.0
3225.0,DORRELL ,3.0
3225.0,DRAE ,3.0
3225.0,DRAGAN ,3.0
3225.0,DREY ,3.0
3225.0,DUKE ,3.0
3225.0,EBRIMA ,3.0
3225.0,EDOUARD ,3.0
3225.0,EDSON ,3.0
3225.0,EESAH ,3.0
3225.0,EINION ,3.0
3225.0,EISAA ,3.0
3225.0,EITAN ,3.0
3225.0,EKAM ,3.0
3225.0,ELAN ,3.0
3225.0,ELDON ,3.0
3225.0,ELIE ,3.0
3225.0,ELIYAHU ,3.0
3225.0,ELLERY ,3.0
3225.0,ELLIS-JAY ,3.0
3225.0,ELVIN ,3.0
3225.0,EMILIANO ,3.0
3225.0,EMIRHAN ,3.0
3225.0,EMLYN ,3.0
3225.0,EMMETT ,3.0
3225.0,EMON ,3.0
3225.0,EMRAH ,3.0
3225.0,EMRAN ,3.0
3225.0,EMYR ,3.0
3225.0,ENOCK ,3.0
3225.0,ERI ,3.0
3225.0,ERJON ,3.0
3225.0,ERVIN ,3.0
3225.0,ERWIN ,3.0
3225.0,ESPEN ,3.0
3225.0,ETHAN-JAMES ,3.0
3225.0,EYAD ,3.0
3225.0,EYTAN ,3.0
3225.0,EZANA ,3.0
3225.0,FADHIL ,3.0
3225.0,FAHMI ,3.0
3225.0,FAIZAL ,3.0
3225.0,FARID ,3.0
3225.0,FAROOQ ,3.0
3225.0,FARRELL ,3.0
3225.0,FARZAD ,3.0
3225.0,FAWWAZ ,3.0
3225.0,FAZAN ,3.0
3225.0,FERRIS ,3.0
3225.0,FEZAN ,3.0
3225.0,FINLEIGH ,3.0
3225.0,FINTON ,3.0
3225.0,FLORIAN ,3.0
3225.0,FORTUNE ,3.0
3225.0,FOX ,3.0
3225.0,FRANCIE ,3.0
3225.0,FRITZ ,3.0
3225.0,FURQAN ,3.0
3225.0,FUZAIL ,3.0
3225.0,GAELEN ,3.0
3225.0,GARRETT ,3.0
3225.0,GAVRIEL ,3.0
3225.0,GENO ,3.0
3225.0,GEOFF ,3.0
3225.0,GEORDAN ,3.0
3225.0,GEORGES ,3.0
3225.0,GEORGIOS ,3.0
3225.0,GEORGY ,3.0
3225.0,GERMAIN ,3.0
3225.0,GIAN-LUCA ,3.0
3225.0,GIANCARLO ,3.0
3225.0,GIBSON ,3.0
3225.0,GIL ,3.0
3225.0,GIO ,3.0
3225.0,GIOVANI ,3.0
3225.0,GIRISH ,3.0
3225.0,GIULIANO ,3.0
3225.0,GOKDENIZ ,3.0
3225.0,GONCALO ,3.0
3225.0,GULED ,3.0
3225.0,GUNEY ,3.0
3225.0,GURJOT ,3.0
3225.0,GWERN ,3.0
3225.0,HAAMID ,3.0
3225.0,HABIBUR ,3.0
3225.0,HABIL ,3.0
3225.0,HADEED ,3.0
3225.0,HADRIEN ,3.0
3225.0,HAFIZ ,3.0
3225.0,HANAAN ,3.0
3225.0,HARISS ,3.0
3225.0,HARISSON ,3.0
3225.0,HARJAS ,3.0
3225.0,HARJEET ,3.0
3225.0,HARJIT ,3.0
3225.0,HARKARAN ,3.0
3225.0,HARLIE ,3.0
3225.0,HARVEY-LEE ,3.0
3225.0,HARVI ,3.0
3225.0,HARVINDER ,3.0
3225.0,HASSEN ,3.0
3225.0,HAVEN ,3.0
3225.0,HAYDAN ,3.0
3225.0,HAYDER ,3.0
3225.0,HELDER ,3.0
3225.0,HERSH ,3.0
3225.0,HIMAT ,3.0
3225.0,HIRAM ,3.0
3225.0,HIZAR ,3.0
3225.0,HOPE ,3.0
3225.0,HRISHI ,3.0
3225.0,HRITIK ,3.0
3225.0,HUMAYL ,3.0
3225.0,HUSAAM ,3.0
3225.0,HUSSEN ,3.0
3225.0,HUZAYFA ,3.0
3225.0,HYRUM ,3.0
3225.0,IEAUN ,3.0
3225.0,IFEANYI ,3.0
3225.0,IFEOLUWA ,3.0
3225.0,IHSAAN ,3.0
3225.0,ILIR ,3.0
3225.0,ILYAAS ,3.0
3225.0,IMANUEL ,3.0
3225.0,INAAM ,3.0
3225.0,INDIANA ,3.0
3225.0,IQBAL ,3.0
3225.0,ISAA ,3.0
3225.0,ISAH ,3.0
3225.0,ISHAK ,3.0
3225.0,ISHER ,3.0
3225.0,ISHMAIL ,3.0
3225.0,ISMAAEEL ,3.0
3225.0,ISRAR ,3.0
3225.0,JAABIR ,3.0
3225.0,JAAN ,3.0
3225.0,JABARI ,3.0
3225.0,JABRIL ,3.0
3225.0,JACEY ,3.0
3225.0,JAEDYN ,3.0
3225.0,JAGGER ,3.0
3225.0,JAGROOP ,3.0
3225.0,JAGVEER ,3.0
3225.0,JAGVIR ,3.0
3225.0,JAHANGIR ,3.0
3225.0,JAHANZEB ,3.0
3225.0,JAHIDUL ,3.0
3225.0,JAHROME ,3.0
3225.0,JAIDEEP ,3.0
3225.0,JAIDYN ,3.0
3225.0,JAIMAL ,3.0
3225.0,JAIMIE ,3.0
3225.0,JAIRAJ ,3.0
3225.0,JAIRUS ,3.0
3225.0,JAMARI ,3.0
3225.0,JAN-MICHAEL ,3.0
3225.0,JANAID ,3.0
3225.0,JANOSHAN ,3.0
3225.0,JAREL ,3.0
3225.0,JARETH ,3.0
3225.0,JARI ,3.0
3225.0,JAROD ,3.0
3225.0,JARRYD ,3.0
3225.0,JATIN ,3.0
3225.0,JAVAE ,3.0
3225.0,JAVARNE ,3.0
3225.0,JAVID ,3.0
3225.0,JAYAN ,3.0
3225.0,JAYCOB ,3.0
3225.0,JAYJAY ,3.0
3225.0,JAYMZ ,3.0
3225.0,JAYON ,3.0
3225.0,JEDEDIAH ,3.0
3225.0,JEMAL ,3.0
3225.0,JERMAIN ,3.0
3225.0,JESSIE ,3.0
3225.0,JETON ,3.0
3225.0,JEVEN ,3.0
3225.0,JIA ,3.0
3225.0,JIBRAEL ,3.0
3225.0,JIHAD ,3.0
3225.0,JIN ,3.0
3225.0,JING ,3.0
3225.0,JOB ,3.0
3225.0,JOESEPH ,3.0
3225.0,JOHB ,3.0
3225.0,JOHN-JAMES ,3.0
3225.0,JOHNPAUL ,3.0
3225.0,JOHNSON ,3.0
3225.0,JOOST ,3.0
3225.0,JORDANLEE ,3.0
3225.0,JORDY ,3.0
3225.0,JORGEN ,3.0
3225.0,JOWAN ,3.0
3225.0,JOY ,3.0
3225.0,JUBEL ,3.0
3225.0,JUJHAR ,3.0
3225.0,JULEN ,3.0
3225.0,JURGEN ,3.0
3225.0,JUSTICE ,3.0
3225.0,KA ,3.0
3225.0,KACI ,3.0
3225.0,KADAN ,3.0
3225.0,KAEDEN ,3.0
3225.0,KAGAN ,3.0
3225.0,KAHLIL ,3.0
3225.0,KAID ,3.0
3225.0,KAIDON ,3.0
3225.0,KAITO ,3.0
3225.0,KAJAN ,3.0
3225.0,KALIL ,3.0
3225.0,KALYAN ,3.0
3225.0,KAMARL ,3.0
3225.0,KAMRAAN ,3.0
3225.0,KAMRUL ,3.0
3225.0,KARAMJEET ,3.0
3225.0,KARLO ,3.0
3225.0,KARNELL ,3.0
3225.0,KARTHIK ,3.0
3225.0,KARTIK ,3.0
3225.0,KASHAN ,3.0
3225.0,KASIE ,3.0
3225.0,KAY ,3.0
3225.0,KAYDAN ,3.0
3225.0,KAYDE ,3.0
3225.0,KAYLUN ,3.0
3225.0,KAYODE ,3.0
3225.0,KAYRA ,3.0
3225.0,KEAGAN ,3.0
3225.0,KEHINDE ,3.0
3225.0,KEINAN ,3.0
3225.0,KEIRYN ,3.0
3225.0,KEL ,3.0
3225.0,KELLEN ,3.0
3225.0,KELLEY ,3.0
3225.0,KELLUM ,3.0
3225.0,KELLY ,3.0
3225.0,KENDAL ,3.0
3225.0,KENDRICK ,3.0
3225.0,KENTON ,3.0
3225.0,KENZIE ,3.0
3225.0,KEONE ,3.0
3225.0,KERRY ,3.0
3225.0,KESSER ,3.0
3225.0,KHALIM ,3.0
3225.0,KHALIS ,3.0
3225.0,KHUBAIB ,3.0
3225.0,KHUSHAL ,3.0
3225.0,KHYE ,3.0
3225.0,KHYLE ,3.0
3225.0,KHYRON ,3.0
3225.0,KIAL ,3.0
3225.0,KIAM ,3.0
3225.0,KIANE ,3.0
3225.0,KIARON ,3.0
3225.0,KIMARNI ,3.0
3225.0,KIYA ,3.0
3225.0,KONNA ,3.0
3225.0,KONSTANTINOS ,3.0
3225.0,KORBON ,3.0
3225.0,KOUROSH ,3.0
3225.0,KRZYSZTOF ,3.0
3225.0,KUBILAY ,3.0
3225.0,KUDAKWASHE ,3.0
3225.0,KURRAN ,3.0
3225.0,KWAJO ,3.0
3225.0,KWOK ,3.0
3225.0,KYERAN ,3.0
3225.0,KYLER ,3.0
3225.0,KYSON ,3.0
3225.0,LAMIN ,3.0
3225.0,LANDON ,3.0
3225.0,LASZLO ,3.0
3225.0,LATIF ,3.0
3225.0,LAVAN ,3.0
3225.0,LAVELL ,3.0
3225.0,LAWRIE ,3.0
3225.0,LAYTH ,3.0
3225.0,LEAM ,3.0
3225.0,LEEVI ,3.0
3225.0,LEI ,3.0
3225.0,LEXX ,3.0
3225.0,LIAN ,3.0
3225.0,LION ,3.0
3225.0,LIONEL ,3.0
3225.0,LLAYTON ,3.0
3225.0,LLYWELYN ,3.0
3225.0,LOCHLAIN ,3.0
3225.0,LONNIE ,3.0
3225.0,LORIK ,3.0
3225.0,LORIMER ,3.0
3225.0,LUCAIS ,3.0
3225.0,LUCAN ,3.0
3225.0,LUCIO ,3.0
3225.0,LUCKY ,3.0
3225.0,LUDOVICO ,3.0
3225.0,LUEY ,3.0
3225.0,LUIZ ,3.0
3225.0,LUKASZ ,3.0
3225.0,LYSANDER ,3.0
3225.0,MACEY ,3.0
3225.0,MACKAI ,3.0
3225.0,MACKENSIE ,3.0
3225.0,MAHAMAD ,3.0
3225.0,MAHAMMAD ,3.0
3225.0,MAHEE ,3.0
3225.0,MAK ,3.0
3225.0,MAKOMBORERO ,3.0
3225.0,MALAKIE ,3.0
3225.0,MALO ,3.0
3225.0,MAMADOU ,3.0
3225.0,MANAS ,3.0
3225.0,MANDIP ,3.0
3225.0,MANISH ,3.0
3225.0,MANU ,3.0
3225.0,MARCELO ,3.0
3225.0,MARKEL ,3.0
3225.0,MARLEE ,3.0
3225.0,MARLI ,3.0
3225.0,MARLOWE ,3.0
3225.0,MARUF ,3.0
3225.0,MARVELLOUS ,3.0
3225.0,MASOOD ,3.0
3225.0,MATAS ,3.0
3225.0,MATEUS ,3.0
3225.0,MATHEUS ,3.0
3225.0,MATHYS ,3.0
3225.0,MATIS ,3.0
3225.0,MAWGAN ,3.0
3225.0,MAXAMILLIAN ,3.0
3225.0,MAXIE ,3.0
3225.0,MAYAN ,3.0
3225.0,MAYUR ,3.0
3225.0,MCKYE ,3.0
3225.0,MEHRAN ,3.0
3225.0,MELIH ,3.0
3225.0,MENDY ,3.0
3225.0,MERIC ,3.0
3225.0,MERVIN ,3.0
3225.0,MERVYN ,3.0
3225.0,MESHULEM ,3.0
3225.0,MEURIG ,3.0
3225.0,MICHEL ,3.0
3225.0,MIKA ,3.0
3225.0,MIKEL ,3.0
3225.0,MILEY ,3.0
3225.0,MILLAR ,3.0
3225.0,MIN ,3.0
3225.0,MIRO ,3.0
3225.0,MODOU ,3.0
3225.0,MOHAD ,3.0
3225.0,MOHSEN ,3.0
3225.0,MOMODOU ,3.0
3225.0,MONTE ,3.0
3225.0,MORDECHI ,3.0
3225.0,MORITZ ,3.0
3225.0,MORRIS ,3.0
3225.0,MOSA ,3.0
3225.0,MOSS ,3.0
3225.0,MUBASHER ,3.0
3225.0,MUDATHIR ,3.0
3225.0,MUEEZ ,3.0
3225.0,MUIZ ,3.0
3225.0,MUNASAR ,3.0
3225.0,MUNTASIR ,3.0
3225.0,MURDO ,3.0
3225.0,MUSE ,3.0
3225.0,MUSTAFE ,3.0
3225.0,NABHAN ,3.0
3225.0,NADER ,3.0
3225.0,NAFEES ,3.0
3225.0,NAHOM ,3.0
3225.0,NAMEER ,3.0
3225.0,NASAR ,3.0
3225.0,NAT ,3.0
3225.0,NAUMAAN ,3.0
3225.0,NAVDEEP ,3.0
3225.0,NAVEEN ,3.0
3225.0,NAZEEM ,3.0
3225.0,NECO ,3.0
3225.0,NEDAL ,3.0
3225.0,NEERAJ ,3.0
3225.0,NIBRAS ,3.0
3225.0,NICLAS ,3.0
3225.0,NICOLA ,3.0
3225.0,NIKO ,3.0
3225.0,NISHANT ,3.0
3225.0,NNAMDI ,3.0
3225.0,NOUR ,3.0
3225.0,NUR ,3.0
3225.0,NYAL ,3.0
3225.0,NYE ,3.0
3225.0,OBI ,3.0
3225.0,OBINNA ,3.0
3225.0,OKAN ,3.0
3225.0,OLANREWAJU ,3.0
3225.0,OLLIVER ,3.0
3225.0,OLUWAKAYODE ,3.0
3225.0,OLUWAROTIMI ,3.0
3225.0,OLUWATAMILORE ,3.0
3225.0,OLUWATENIOLA ,3.0
3225.0,OMARIE ,3.0
3225.0,OMRAN ,3.0
3225.0,ONYEKACHI ,3.0
3225.0,OSBORN ,3.0
3225.0,OSEI ,3.0
3225.0,OTHNIEL ,3.0
3225.0,OUSAMA ,3.0
3225.0,OWIN ,3.0
3225.0,OZCAN ,3.0
3225.0,PA ,3.0
3225.0,PADRAIC ,3.0
3225.0,PARMINDER ,3.0
3225.0,PASHA ,3.0
3225.0,PATRIC ,3.0
3225.0,PAVIN ,3.0
3225.0,PAVLE ,3.0
3225.0,PELE ,3.0
3225.0,PERCIVAL ,3.0
3225.0,PHILIPPOS ,3.0
3225.0,PHINEAS ,3.0
3225.0,PIETER ,3.0
3225.0,PIETRO ,3.0
3225.0,PIP ,3.0
3225.0,PRABVEER ,3.0
3225.0,PRAVEER ,3.0
3225.0,PRIYAN ,3.0
3225.0,PROSPER ,3.0
3225.0,QADEER ,3.0
3225.0,QAMAR ,3.0
3225.0,QUAID ,3.0
3225.0,QUINTON ,3.0
3225.0,RAEGAN ,3.0
3225.0,RAFIQ ,3.0
3225.0,RAHAN ,3.0
3225.0,RAHEEB ,3.0
3225.0,RAHEES ,3.0
3225.0,RAHIB ,3.0
3225.0,RAHIEM ,3.0
3225.0,RAIYAAN ,3.0
3225.0,RAIYAN ,3.0
3225.0,RAJAT ,3.0
3225.0,RAJDEEP ,3.0
3225.0,RAJESH ,3.0
3225.0,RAJIV ,3.0
3225.0,RAKIB ,3.0
3225.0,RALPHIE ,3.0
3225.0,RAMAN ,3.0
3225.0,RAMARNI ,3.0
3225.0,RAMEL ,3.0
3225.0,RAMELL ,3.0
3225.0,RAMEZ ,3.0
3225.0,RAMSAY ,3.0
3225.0,RAMTIN ,3.0
3225.0,RANDOLPH ,3.0
3225.0,RANJOT ,3.0
3225.0,RANVEER ,3.0
3225.0,RAOUL ,3.0
3225.0,RAQEEB ,3.0
3225.0,RASHAAD ,3.0
3225.0,RASHAUN ,3.0
3225.0,RASHAWN ,3.0
3225.0,RASHEED ,3.0
3225.0,RAVINDER ,3.0
3225.0,RAZIK ,3.0
3225.0,REAGEN ,3.0
3225.0,REDA ,3.0
3225.0,REDWAN ,3.0
3225.0,REEFE ,3.0
3225.0,REILY ,3.0
3225.0,REUEL ,3.0
3225.0,REZA ,3.0
3225.0,RHION ,3.0
3225.0,RHY ,3.0
3225.0,RIDHWAN ,3.0
3225.0,RIECE ,3.0
3225.0,RIKESH ,3.0
3225.0,RIKHIL ,3.0
3225.0,RIPLEY ,3.0
3225.0,RITESH ,3.0
3225.0,RITIK ,3.0
3225.0,RITVIK ,3.0
3225.0,RIYADUL ,3.0
3225.0,ROBAT ,3.0
3225.0,ROBEL ,3.0
3225.0,RODI ,3.0
3225.0,ROHIL ,3.0
3225.0,ROLANDO ,3.0
3225.0,ROMAINE ,3.0
3225.0,ROMANO ,3.0
3225.0,ROMEY ,3.0
3225.0,ROONEY ,3.0
3225.0,RORI ,3.0
3225.0,RUAN ,3.0
3225.0,RUEL ,3.0
3225.0,RUHAAN ,3.0
3225.0,RUHEL ,3.0
3225.0,RYANDEEP ,3.0
3225.0,RYDER ,3.0
3225.0,RYHAN ,3.0
3225.0,SAADIQ ,3.0
3225.0,SAAIM ,3.0
3225.0,SABASTIAN ,3.0
3225.0,SABEEL ,3.0
3225.0,SABER ,3.0
3225.0,SAED ,3.0
3225.0,SAFEER ,3.0
3225.0,SAFI ,3.0
3225.0,SAFIAN ,3.0
3225.0,SAFIYAN ,3.0
3225.0,SAGE ,3.0
3225.0,SAHAD ,3.0
3225.0,SAHEB ,3.0
3225.0,SAHEL ,3.0
3225.0,SAHIN ,3.0
3225.0,SAHR ,3.0
3225.0,SAIHAAN ,3.0
3225.0,SAJAN ,3.0
3225.0,SAJEEL ,3.0
3225.0,SAKARIYA ,3.0
3225.0,SALAH ,3.0
3225.0,SALIEU ,3.0
3225.0,SALIK ,3.0
3225.0,SALVADOR ,3.0
3225.0,SAMAAD ,3.0
3225.0,SAMET ,3.0
3225.0,SAMEUL ,3.0
3225.0,SAMIT ,3.0
3225.0,SAMIULLAH ,3.0
3225.0,SANCHEZ ,3.0
3225.0,SANDY ,3.0
3225.0,SANEL ,3.0
3225.0,SANJEEV ,3.0
3225.0,SAVRAJ ,3.0
3225.0,SAYEED ,3.0
3225.0,SEMIH ,3.0
3225.0,SEREN ,3.0
3225.0,SERGIO ,3.0
3225.0,SERHAN ,3.0
3225.0,SEUNG ,3.0
3225.0,SEZER ,3.0
3225.0,SHAHAAB ,3.0
3225.0,SHAHAN ,3.0
3225.0,SHAHARIAR ,3.0
3225.0,SHAHIN ,3.0
3225.0,SHAHIR ,3.0
3225.0,SHAHNAWAZ ,3.0
3225.0,SHAHRYAR ,3.0
3225.0,SHAHZEB ,3.0
3225.0,SHAIYAN ,3.0
3225.0,SHAKA ,3.0
3225.0,SHAKAI ,3.0
3225.0,SHAKUR ,3.0
3225.0,SHALIN ,3.0
3225.0,SHAMMAI ,3.0
3225.0,SHAMMAS ,3.0
3225.0,SHANLEY ,3.0
3225.0,SHANNON ,3.0
3225.0,SHARAD ,3.0
3225.0,SHARJEEL ,3.0
3225.0,SHARMAKE ,3.0
3225.0,SHARMARKE ,3.0
3225.0,SHAYLAN ,3.0
3225.0,SHAZEB ,3.0
3225.0,SHEHZAD ,3.0
3225.0,SHEMAIAH ,3.0
3225.0,SHERIFF ,3.0
3225.0,SHERYAAR ,3.0
3225.0,SHIHAB ,3.0
3225.0,SHIVA ,3.0
3225.0,SHUAB ,3.0
3225.0,SHULEM ,3.0
3225.0,SIDAR ,3.0
3225.0,SIDDARTH ,3.0
3225.0,SIDDHARTH ,3.0
3225.0,SIDDHARTHA ,3.0
3225.0,SIMONE ,3.0
3225.0,SKYE ,3.0
3225.0,SKYLER ,3.0
3225.0,SOFYAN ,3.0
3225.0,SOHAM ,3.0
3225.0,SRITHARAN ,3.0
3225.0,STEVAN ,3.0
3225.0,SUFIAN ,3.0
3225.0,SUHAYL ,3.0
3225.0,SUHEYB ,3.0
3225.0,SUKHDEV ,3.0
3225.0,SULAMAN ,3.0
3225.0,SULEYMAN ,3.0
3225.0,SUNNI ,3.0
3225.0,SUREN ,3.0
3225.0,SUTHARSAN ,3.0
3225.0,SUYASH ,3.0
3225.0,SVEN ,3.0
3225.0,TADIWANASHE ,3.0
3225.0,TAFARA ,3.0
3225.0,TAIG ,3.0
3225.0,TAITE ,3.0
3225.0,TAJAY ,3.0
3225.0,TALAN ,3.0
3225.0,TALIB ,3.0
3225.0,TALLIS ,3.0
3225.0,TALLON ,3.0
3225.0,TAM ,3.0
3225.0,TAMIR ,3.0
3225.0,TANAY ,3.0
3225.0,TANWEER ,3.0
3225.0,TANZIL ,3.0
3225.0,TAPIWA ,3.0
3225.0,TAQI ,3.0
3225.0,TARAK ,3.0
3225.0,TARANDEEP ,3.0
3225.0,TARO ,3.0
3225.0,TARRIN ,3.0
3225.0,TASEEN ,3.0
3225.0,TASHAUN ,3.0
3225.0,TASHINGA ,3.0
3225.0,TAUQEER ,3.0
3225.0,TAWANA ,3.0
3225.0,TAWFIQ ,3.0
3225.0,TAYEB ,3.0
3225.0,TAYYUB ,3.0
3225.0,TEE ,3.0
3225.0,TEIFION ,3.0
3225.0,TEIGUE ,3.0
3225.0,TEJAY ,3.0
3225.0,TEMILOLUWA ,3.0
3225.0,TEMITAYO ,3.0
3225.0,TERELL ,3.0
3225.0,THANUSAN ,3.0
3225.0,THELONIOUS ,3.0
3225.0,THEOPHILUS ,3.0
3225.0,THERON ,3.0
3225.0,THIBAULT ,3.0
3225.0,THOMAS-JAY ,3.0
3225.0,TIERAN ,3.0
3225.0,TIGHE ,3.0
3225.0,TIMO ,3.0
3225.0,TINO ,3.0
3225.0,TOBECHUKWU ,3.0
3225.0,TOCHUKWU ,3.0
3225.0,TOLULOPE ,3.0
3225.0,TOMMY-JAY ,3.0
3225.0,TOMMY-RAY ,3.0
3225.0,TORRAN ,3.0
3225.0,TORRIN ,3.0
3225.0,TRAY ,3.0
3225.0,TRISTRAM ,3.0
3225.0,TUAN ,3.0
3225.0,TUCKER ,3.0
3225.0,TUDOR ,3.0
3225.0,TUSHAR ,3.0
3225.0,TWM ,3.0
3225.0,TYGER ,3.0
3225.0,TYLAH ,3.0
3225.0,TYLER- ,3.0
3225.0,TYREACE ,3.0
3225.0,TYREAK ,3.0
3225.0,TYREL ,3.0
3225.0,TYREN ,3.0
3225.0,UGOCHUKWU ,3.0
3225.0,UGUR ,3.0
3225.0,UGURCAN ,3.0
3225.0,UMBERTO ,3.0
3225.0,UMUTCAN ,3.0
3225.0,USAID ,3.0
3225.0,USAMAH ,3.0
3225.0,UWAYS ,3.0
3225.0,VASSILIOS ,3.0
3225.0,VEER ,3.0
3225.0,VIKESH ,3.0
3225.0,VIKRAMJIT ,3.0
3225.0,VINIT ,3.0
3225.0,VIREN ,3.0
3225.0,VISHNU ,3.0
3225.0,VLADIMIR ,3.0
3225.0,WAHIDUR ,3.0
3225.0,WAI ,3.0
3225.0,WAJAAHAT ,3.0
3225.0,WAN ,3.0
3225.0,WAQAAR ,3.0
3225.0,WARRICK ,3.0
3225.0,WARSAME ,3.0
3225.0,WEN ,3.0
3225.0,WING ,3.0
3225.0,XAN ,3.0
3225.0,YAASIR ,3.0
3225.0,YACOUB ,3.0
3225.0,YAD ,3.0
3225.0,YAFET ,3.0
3225.0,YAHIYA ,3.0
3225.0,YAMAN ,3.0
3225.0,YAN ,3.0
3225.0,YASAR ,3.0
3225.0,YASSINE ,3.0
3225.0,YASSIR ,3.0
3225.0,YAZID ,3.0
3225.0,YECHIEL ,3.0
3225.0,YNYR ,3.0
3225.0,YOGESH ,3.0
3225.0,YOONUS ,3.0
3225.0,YOSEPH ,3.0
3225.0,YOUNG ,3.0
3225.0,YUEN ,3.0
3225.0,ZACCHAEUS ,3.0
3225.0,ZACHARI ,3.0
3225.0,ZACKARIA ,3.0
3225.0,ZAIN-ALI ,3.0
3225.0,ZAIN-UL ,3.0
3225.0,ZAKARIYAH ,3.0
3225.0,ZAKEE ,3.0
3225.0,ZARIF ,3.0
3225.0,ZAYAAN ,3.0
3225.0,ZAYDAN ,3.0
3225.0,ZEKI ,3.0
3225.0,ZEN ,3.0
3225.0,ZENNON ,3.0
3225.0,ZEPHYR ,3.0
3225.0,ZEUS ,3.0
3225.0,ZHANE ,3.0
3225.0,ZI ,3.0
3225.0,ZOLTAN ,3.0
3225.0,ZULKARNAIN ,3.0
